Age,BusinessTravel,DailyRate,Department,DistanceFromHome,Education,EducationField,EmployeeCount,EmployeeNumber,EnvironmentSatisfaction,Gender,HourlyRate,JobInvolvement,JobLevel,JobRole,JobSatisfaction,MaritalStatus,MonthlyIncome,MonthlyRate,NumCompaniesWorked,Over18,OverTime,PercentSalaryHike,PerformanceRating,RelationshipSatisfaction,StandardHours,StockOptionLevel,TotalWorkingYears,TrainingTimesLastYear,WorkLifeBalance,YearsAtCompany,YearsInCurrentRole,YearsSinceLastPromotion,YearsWithCurrManager,Attrition
41,Travel_Rarely,257,Research & Development,18,5,Life Sciences,1,1,1,Female,93,4,3,Healthcare Representative,2,Married,11473,8563,8,Y,No,14,4,1,80,0,11,1,4,0,8,0,3,Yes
35,Travel_Frequently,1024,Research & Development,12,2,Other,1,2,1,Male,33,2,4,Healthcare Representative,1,Single,8990,12799,1,Y,No,15,3,2,80,0,22,0,3,4,0,0,3,Yes
42,Travel_Rarely,969,Research & Development,13,1,Human Resources,1,3,2,Female,47,1,2,Research Scientist,3,Divorced,5146,5260,5,Y,No,23,3,4,80,3,15,5,3,1,1,0,8,No
50,Travel_Rarely,1004,Human Resources,9,5,Life Sciences,1,4,1,Male,71,2,4,Sales Representative,4,Married,1465,23731,7,Y,No,14,3,1,80,0,10,3,1,2,4,5,13,Yes
34,Travel_Frequently,1100,Sales,2,2,Life Sciences,1,5,3,Female,59,4,4,Laboratory Technician,4,Single,8129,4303,2,Y,No,21,3,2,80,0,2,0,4,0,8,1,4,No
34,Travel_Rarely,1076,Research & Development,5,4,Life Sciences,1,6,3,Male,44,4,2,Manufacturing Director,1,Married,8259,10841,4,Y,No,18,3,3,80,1,8,1,3,11,0,2,1,No
51,Travel_Frequently,1332,Research & Development,13,4,Medical,1,7,1,Male,99,2,4,Sales Executive,4,Married,9467,2393,6,Y,No,19,3,4,80,1,4,3,3,10,1,2,4,No
43,Travel_Rarely,489,Sales,16,5,Life Sciences,1,8,3,Male,84,4,3,Research Scientist,2,Single,5139,22344,3,Y,No,24,4,3,80,1,5,1,2,1,8,2,5,No
32,Non-Travel,988,Sales,16,2,Medical,1,9,4,Male,82,1,2,Sales Representative,1,Divorced,7807,15645,4,Y,No,24,3,2,80,1,0,1,4,12,12,8,4,No
41,Travel_Rarely,939,Research & Development,24,4,Life Sciences,1,10,2,Male,45,4,1,Sales Executive,3,Single,1009,2657,0,Y,Yes,24,3,2,80,0,11,2,3,7,10,2,4,Yes
32,Travel_Rarely,1465,Research & Development,3,5,Life Sciences,1,11,3,Male,63,4,4,Research Scientist,2,Married,1662,14295,3,Y,No,11,4,1,80,0,27,0,2,10,10,0,3,Yes
32,Travel_Rarely,441,Research & Development,22,4,Medical,1,12,1,Female,56,1,5,Research Scientist,3,Divorced,10896,23366,6,Y,No,12,3,4,80,1,12,0,1,11,5,1,8,No
39,Travel_Rarely,305,Human Resources,4,4,Life Sciences,1,13,2,Female,42,2,2,Sales Executive,3,Single,7345,11308,9,Y,Yes,22,3,4,80,2,16,1,1,9,4,2,3,No
19,Travel_Frequently,262,Sales,11,4,Human Resources,1,14,3,Female,56,4,1,Research Scientist,4,Single,8736,19668,6,Y,Yes,14,3,2,80,1,18,6,2,1,11,0,6,Yes
21,Non-Travel,493,Research & Development,23,3,Life Sciences,1,15,2,Male,98,2,5,Research Scientist,2,Single,3687,21688,9,Y,No,11,4,1,80,0,9,5,4,13,3,1,0,Yes
31,Travel_Rarely,870,Research & Development,26,2,Other,1,16,1,Male,60,1,1,Research Director,2,Single,3090,12190,9,Y,No,21,3,2,80,0,9,0,3,11,0,1,2,Yes
27,Travel_Rarely,676,Research & Development,14,5,Life Sciences,1,17,4,Male,32,2,4,Healthcare Representative,1,Single,4509,24856,3,Y,Yes,16,3,2,80,0,0,4,4,11,5,7,5,No
39,Travel_Frequently,635,Research & Development,3,5,Life Sciences,1,18,4,Female,59,2,5,Research Scientist,2,Divorced,7617,12322,5,Y,No,22,3,4,80,1,12,5,2,0,2,0,3,No
28,Travel_Frequently,1195,Research & Development,16,2,Human Resources,1,19,3,Female,50,3,4,Healthcare Representative,1,Divorced,9723,11312,4,Y,No,15,4,3,80,0,11,5,3,0,1,5,8,Yes
24,Travel_Rarely,994,Research & Development,22,2,Technical Degree,1,20,4,Male,35,3,5,Sales Executive,2,Married,5329,26925,0,Y,No,23,4,3,80,0,4,5,3,16,7,1,5,No
50,Travel_Rarely,506,Research & Development,15,2,Life Sciences,1,21,3,Male,61,4,2,Laboratory Technician,3,Married,1009,20896,7,Y,No,17,3,4,80,0,20,0,3,3,3,4,8,No
34,Travel_Rarely,709,Sales,28,2,Other,1,22,2,Female,71,3,3,Research Scientist,1,Divorced,8384,16707,6,Y,Yes,22,3,1,80,0,5,5,4,8,4,6,5,No
37,Travel_Rarely,929,Research & Development,10,1,Medical,1,23,3,Female,91,3,3,Sales Executive,2,Married,7755,21041,4,Y,No,16,3,4,80,0,33,5,4,14,6,3,1,No
23,Travel_Rarely,1245,Research & Development,9,5,Life Sciences,1,24,3,Female,61,3,1,Sales Representative,1,Single,8752,21429,9,Y,No,24,3,1,80,0,14,3,2,16,0,2,3,Yes
31,Travel_Rarely,791,Research & Development,11,1,Life Sciences,1,25,3,Female,68,2,5,Sales Executive,4,Married,10525,16187,9,Y,No,24,3,4,80,1,11,0,1,10,8,5,3,No
37,Travel_Rarely,1003,Sales,16,4,Technical Degree,1,26,4,Male,93,2,4,Manager,4,Single,10154,25861,6,Y,No,13,3,1,80,0,26,5,2,3,12,0,8,No
26,Travel_Frequently,1342,Research & Development,10,4,Human Resources,1,27,3,Male,59,3,2,Research Scientist,1,Divorced,12895,18747,9,Y,No,15,3,2,80,1,0,6,3,5,8,2,3,No
40,Travel_Rarely,157,Sales,17,5,Human Resources,1,28,1,Male,92,1,2,Sales Executive,1,Married,6633,8713,2,Y,No,13,3,2,80,0,9,4,2,9,0,0,3,No
31,Travel_Rarely,467,Research & Development,19,4,Marketing,1,29,3,Male,60,3,2,Healthcare Representative,3,Married,4469,24125,7,Y,No,19,3,1,80,0,7,5,1,8,5,4,2,Yes
34,Travel_Rarely,556,Research & Development,2,2,Medical,1,30,2,Male,69,1,3,Laboratory Technician,2,Married,11391,11213,4,Y,No,12,3,4,80,1,9,1,2,2,0,2,4,No
31,Travel_Rarely,205,Research & Development,24,1,Life Sciences,1,31,1,Male,62,2,4,Research Scientist,4,Married,10769,26733,1,Y,Yes,16,3,2,80,1,13,0,1,0,8,1,6,No
53,Travel_Rarely,178,Sales,23,2,Life Sciences,1,32,2,Male,92,1,2,Research Scientist,4,Single,5405,6649,1,Y,No,19,3,4,80,1,9,3,1,2,8,1,6,No
36,Travel_Rarely,331,Research & Development,2,4,Life Sciences,1,33,2,Male,54,2,2,Sales Executive,2,Married,11697,15421,3,Y,Yes,20,3,3,80,1,22,4,3,5,5,4,2,No
27,Travel_Rarely,1383,Research & Development,6,1,Medical,1,34,2,Male,65,1,1,Research Director,4,Divorced,6850,3136,6,Y,No,17,3,2,80,1,14,2,1,6,0,0,0,Yes
44,Travel_Rarely,1389,Research & Development,19,2,Marketing,1,35,1,Male,53,2,5,Laboratory Technician,4,Single,12498,7538,9,Y,No,15,3,4,80,0,15,1,4,17,4,8,5,Yes
25,Travel_Rarely,432,Research & Development,8,5,Marketing,1,36,1,Male,87,2,5,Sales Executive,1,Divorced,14627,23481,3,Y,No,12,4,4,80,1,14,1,2,13,0,1,4,No
38,Travel_Rarely,1307,Research & Development,26,2,Technical Degree,1,37,4,Female,68,3,5,Sales Representative,4,Married,18913,6282,8,Y,No,12,3,3,80,1,1,1,2,4,4,0,4,No
19,Travel_Frequently,994,Research & Development,3,4,Technical Degree,1,38,1,Female,75,4,1,Research Scientist,4,Single,6792,15154,1,Y,No,14,4,4,80,0,12,4,4,10,4,0,4,No
24,Travel_Rarely,789,Sales,26,1,Human Resources,1,39,3,Male,39,4,3,Sales Executive,4,Married,13152,12327,5,Y,No,20,3,1,80,0,13,0,4,0,7,1,5,No
38,Travel_Frequently,128,Sales,14,5,Life Sciences,1,40,2,Male,61,2,1,Research Scientist,2,Divorced,10513,5182,3,Y,No,22,3,2,80,1,2,0,3,14,3,2,0,Yes
43,Travel_Rarely,1401,Research & Development,25,1,Marketing,1,41,4,Male,65,3,2,Laboratory Technician,3,Married,10950,3740,5,Y,No,12,3,1,80,0,18,5,2,3,10,3,4,No
38,Travel_Rarely,400,Research & Development,16,5,Other,1,42,1,Female,57,4,4,Sales Executive,1,Married,8494,15221,9,Y,No,22,3,3,80,0,0,5,4,8,5,0,0,Yes
35,Travel_Rarely,1058,Research & Development,1,1,Life Sciences,1,43,2,Male,45,4,2,Laboratory Technician,3,Married,10970,2581,8,Y,No,23,3,1,80,1,30,0,3,7,2,0,8,No
34,Travel_Rarely,900,Sales,21,4,Human Resources,1,44,1,Male,45,3,2,Sales Representative,4,Married,1009,17547,9,Y,No,23,3,4,80,3,11,6,2,13,3,6,4,No
23,Travel_Frequently,1216,Sales,3,5,Technical Degree,1,45,4,Female,47,3,4,Sales Executive,4,Single,6364,21559,8,Y,No,18,4,3,80,2,4,5,2,4,8,0,1,No
30,Travel_Rarely,581,Research & Development,22,3,Life Sciences,1,46,1,Male,37,4,5,Research Scientist,4,Single,3428,3841,8,Y,No,20,3,3,80,0,16,6,4,12,9,2,0,No
32,Travel_Frequently,674,Sales,26,1,Life Sciences,1,47,1,Male,99,4,1,Research Scientist,3,Single,3035,19005,8,Y,No,17,3,1,80,1,16,0,1,9,0,0,1,No
46,Travel_Rarely,559,Research & Development,18,1,Medical,1,48,2,Male,30,1,3,Laboratory Technician,2,Single,1009,19645,2,Y,Yes,17,3,3,80,0,27,1,1,7,0,0,1,Yes
40,Travel_Rarely,466,Sales,9,2,Medical,1,49,3,Male,91,1,2,Research Director,2,Single,4024,23088,8,Y,No,13,3,1,80,0,25,2,4,6,1,1,4,Yes
20,Travel_Rarely,960,Research & Development,6,5,Technical Degree,1,50,1,Male,67,2,2,Research Scientist,1,Married,5681,18372,2,Y,No,17,3,1,80,1,0,1,1,3,9,0,0,No
39,Travel_Rarely,452,Research & Development,23,3,Life Sciences,1,51,4,Female,74,4,3,Sales Executive,3,Married,7366,22950,9,Y,No,18,3,1,80,0,9,6,2,5,8,0,4,No
33,Travel_Rarely,354,Sales,21,4,Life Sciences,1,52,1,Male,87,3,1,Research Scientist,2,Single,6441,14025,2,Y,No,15,3,3,80,0,4,5,3,4,7,5,7,No
30,Travel_Rarely,882,Research & Development,25,2,Life Sciences,1,53,1,Female,30,3,2,Sales Executive,1,Single,11445,26139,4,Y,No,11,3,3,80,2,17,2,3,9,8,0,8,Yes
42,Travel_Rarely,904,Sales,1,3,Life Sciences,1,54,3,Male,61,4,3,Manufacturing Director,4,Single,2288,24282,5,Y,No,11,3,2,80,1,22,2,4,0,10,0,2,No
46,Travel_Rarely,1113,Research & Development,21,5,Life Sciences,1,55,2,Male,37,2,2,Sales Executive,4,Married,1009,2577,8,Y,No,22,3,1,80,1,1,0,3,7,6,1,3,Yes
45,Travel_Frequently,560,Research & Development,27,3,Technical Degree,1,56,4,Male,69,3,5,Research Scientist,1,Single,8997,2545,0,Y,No,21,3,1,80,2,10,3,4,16,8,0,1,No
29,Non-Travel,1018,Research & Development,10,1,Life Sciences,1,57,2,Male,85,4,5,Laboratory Technician,2,Married,6280,6163,7,Y,No,24,4,1,80,1,6,4,1,4,5,0,0,No
34,Non-Travel,600,Research & Development,27,1,Other,1,58,2,Male,92,4,2,Research Scientist,3,Married,6182,24133,3,Y,Yes,14,3,1,80,0,17,3,2,9,8,6,2,No
39,Travel_Rarely,1051,Research & Development,6,2,Life Sciences,1,59,2,Male,65,2,2,Laboratory Technician,1,Married,3149,15480,9,Y,Yes,12,3,1,80,1,14,2,1,0,2,1,0,Yes
45,Travel_Rarely,609,Sales,23,5,Life Sciences,1,60,1,Female,86,4,5,Sales Executive,2,Married,10772,9301,6,Y,Yes,17,3,1,80,0,20,3,4,0,1,0,0,No
32,Travel_Rarely,1429,Sales,12,5,Marketing,1,61,3,Male,74,3,2,Research Director,1,Single,4530,6491,5,Y,No,23,3,1,80,0,8,5,2,6,1,1,5,No
35,Travel_Frequently,602,Research & Development,4,3,Medical,1,62,1,Male,31,1,1,Research Scientist,2,Single,2347,7765,5,Y,Yes,13,3,2,80,2,10,2,2,6,3,2,5,Yes
26,Travel_Rarely,904,Research & Development,28,2,Medical,1,63,4,Male,97,2,1,Research Director,4,Single,14369,21611,6,Y,No,22,3,2,80,0,14,1,2,7,7,1,8,No
26,Travel_Rarely,699,Research & Development,13,5,Other,1,64,3,Male,79,4,4,Research Scientist,1,Single,9750,20251,3,Y,No,14,3,4,80,0,9,5,1,20,10,0,9,No
44,Travel_Frequently,267,Research & Development,17,1,Life Sciences,1,65,2,Male,58,2,1,Manager,3,Single,6311,24100,5,Y,No,19,3,1,80,0,13,1,2,3,2,0,4,Yes
49,Travel_Rarely,563,Research & Development,27,3,Other,1,66,3,Male,39,4,2,Research Scientist,1,Married,1009,11284,2,Y,Yes,12,3,1,80,0,21,5,1,7,13,0,0,No
36,Travel_Rarely,1021,Research & Development,8,4,Life Sciences,1,67,4,Male,56,1,2,Manufacturing Director,4,Single,5393,9506,4,Y,No,22,3,2,80,2,27,0,1,2,3,0,0,No
46,Travel_Rarely,215,Research & Development,26,1,Marketing,1,68,1,Male,44,2,3,Research Scientist,4,Divorced,6398,20543,1,Y,No,18,3,2,80,1,7,6,2,11,4,1,0,No
40,Travel_Rarely,1093,Research & Development,20,2,Life Sciences,1,69,1,Female,89,4,1,Laboratory Technician,2,Single,13379,10683,2,Y,No,11,3,1,80,1,28,5,4,0,5,3,5,No
31,Travel_Rarely,1481,Research & Development,3,5,Medical,1,70,2,Male,60,1,5,Manufacturing Director,4,Divorced,1009,17023,8,Y,No,13,3,1,80,1,7,4,2,2,1,7,1,Yes
40,Travel_Rarely,308,Sales,12,1,Life Sciences,1,71,1,Male,50,3,5,Laboratory Technician,2,Married,13833,8426,5,Y,No,14,3,2,80,1,18,1,2,1,2,4,0,Yes
50,Travel_Rarely,1360,Sales,7,4,Medical,1,72,1,Female,89,4,4,Laboratory Technician,4,Married,8553,18073,2,Y,No,24,3,2,80,1,7,5,1,12,3,0,5,No
36,Travel_Rarely,1480,Sales,12,4,Technical Degree,1,73,4,Female,87,1,3,Sales Executive,2,Married,1009,10007,1,Y,No,16,4,4,80,1,3,4,2,7,0,2,7,No
51,Travel_Frequently,616,Sales,2,2,Medical,1,74,3,Female,70,1,5,Research Scientist,3,Married,10832,12089,4,Y,Yes,11,3,4,80,2,20,0,4,8,1,7,1,No
18,Travel_Rarely,1333,Research & Development,24,1,Other,1,75,1,Male,75,2,4,Laboratory Technician,2,Divorced,5353,4040,9,Y,No,24,4,1,80,3,10,5,2,5,3,1,3,No
44,Travel_Rarely,810,Research & Development,14,3,Human Resources,1,76,4,Female,74,4,1,Sales Executive,2,Married,1009,5509,4,Y,No,18,3,2,80,3,21,6,4,14,2,7,9,Yes
37,Travel_Rarely,1250,Research & Development,22,1,Medical,1,77,4,Male,55,3,3,Research Scientist,3,Single,4411,3488,0,Y,No,12,3,4,80,1,17,4,3,6,1,0,7,No
34,Non-Travel,239,Research & Development,23,4,Life Sciences,1,78,2,Male,80,4,3,Research Scientist,2,Married,7698,17178,2,Y,No,15,3,1,80,2,14,6,3,18,7,0,0,No
37,Travel_Rarely,440,Research & Development,5,2,Life Sciences,1,79,4,Female,65,1,2,Research Scientist,2,Single,6791,4515,6,Y,No,16,3,4,80,0,15,5,3,14,0,1,9,No
18,Travel_Rarely,638,Sales,9,2,Medical,1,80,2,Male,81,3,1,Laboratory Technician,3,Divorced,9524,22397,8,Y,Yes,18,3,4,80,2,19,1,2,0,6,1,6,Yes
34,Travel_Frequently,169,Sales,21,3,Medical,1,81,1,Female,80,1,3,Laboratory Technician,4,Married,11657,9439,4,Y,No,13,3,4,80,2,18,1,1,10,4,4,9,No
40,Travel_Frequently,484,Sales,11,2,Life Sciences,1,82,2,Female,32,2,4,Sales Representative,1,Single,1336,21561,3,Y,No,22,3,3,80,2,8,3,4,14,5,2,3,No
50,Travel_Rarely,120,Research & Development,5,2,Life Sciences,1,83,4,Female,43,4,5,Research Scientist,2,Single,6401,10124,2,Y,No,19,3,1,80,2,14,3,3,4,0,1,1,No
32,Travel_Frequently,784,Sales,3,2,Human Resources,1,84,3,Female,78,1,1,Research Director,4,Single,3633,26598,9,Y,No,22,3,4,80,0,23,5,4,9,2,10,3,No
29,Travel_Rarely,175,Sales,27,2,Life Sciences,1,85,3,Male,30,1,1,Manufacturing Director,1,Divorced,1009,13074,8,Y,Yes,15,3,1,80,0,11,3,1,0,5,0,0,Yes
32,Travel_Rarely,674,Research & Development,17,2,Life Sciences,1,86,1,Male,86,4,3,Research Director,3,Divorced,6256,3938,6,Y,No,18,4,1,80,0,7,5,4,0,2,6,7,No
45,Travel_Rarely,1040,Research & Development,2,4,Life Sciences,1,87,1,Female,46,3,3,Manager,2,Single,8528,3898,6,Y,Yes,14,3,2,80,1,6,5,4,5,0,3,2,No
39,Travel_Rarely,1401,Sales,24,1,Marketing,1,88,3,Female,79,1,3,Manufacturing Director,2,Married,8806,11175,7,Y,No,22,3,1,80,0,17,6,3,0,3,1,5,No
32,Travel_Frequently,1173,Research & Development,1,5,Life Sciences,1,89,2,Female,43,4,4,Research Scientist,3,Divorced,4642,20981,9,Y,No,19,4,4,80,1,9,4,4,7,3,3,11,Yes
41,Travel_Rarely,312,Research & Development,7,2,Medical,1,90,1,Female,88,2,2,Research Scientist,2,Single,1763,20371,0,Y,No,18,3,1,80,1,14,1,3,10,6,0,2,Yes
37,Travel_Rarely,956,Research & Development,14,5,Life Sciences,1,91,4,Female,32,2,3,Research Scientist,1,Single,3470,20144,3,Y,No,15,3,2,80,1,9,0,1,1,8,2,4,No
45,Travel_Frequently,752,Research & Development,5,5,Medical,1,92,1,Female,69,4,2,Research Director,1,Single,1009,6438,4,Y,No,13,4,3,80,2,20,2,3,0,4,2,2,No
30,Travel_Frequently,1095,Sales,19,4,Marketing,1,93,2,Male,95,1,2,Research Director,3,Single,1009,25069,4,Y,No,11,3,3,80,1,12,1,4,0,5,3,3,No
33,Travel_Rarely,796,Sales,28,2,Life Sciences,1,94,1,Male,63,4,1,Healthcare Representative,2,Single,1317,21543,0,Y,Yes,15,3,2,80,1,22,3,1,14,8,1,3,Yes
33,Travel_Rarely,641,Research & Development,28,5,Other,1,95,4,Female,38,4,5,Sales Representative,4,Divorced,10472,23553,2,Y,No,15,3,4,80,1,22,5,2,0,3,7,7,No
23,Travel_Rarely,1316,Research & Development,11,2,Life Sciences,1,96,4,Male,50,1,5,Research Director,2,Married,10468,13927,1,Y,No,14,3,4,80,2,10,3,2,8,6,0,7,No
39,Travel_Frequently,1440,Research & Development,23,3,Life Sciences,1,97,4,Male,54,3,4,Laboratory Technician,3,Single,16508,21553,6,Y,No,20,3,4,80,0,21,4,1,14,0,0,3,Yes
39,Travel_Rarely,1002,Research & Development,25,3,Marketing,1,98,2,Male,73,3,4,Manufacturing Director,4,Married,7629,3353,4,Y,No,20,3,1,80,0,8,3,1,1,2,2,4,No
36,Non-Travel,881,Research & Development,2,3,Life Sciences,1,99,2,Female,54,2,5,Research Scientist,1,Married,4225,20698,2,Y,No,18,3,3,80,2,13,4,4,1,10,0,2,No
34,Travel_Rarely,1238,Research & Development,8,5,Medical,1,100,4,Female,38,3,5,Research Scientist,1,Married,6556,23919,7,Y,No,13,3,4,80,1,5,0,2,8,7,4,9,No
24,Travel_Rarely,271,Human Resources,9,3,Life Sciences,1,101,4,Female,91,4,1,Sales Executive,4,Single,5704,15953,0,Y,Yes,22,3,3,80,1,15,5,1,8,7,6,0,Yes
33,Travel_Rarely,1139,Research & Development,27,4,Life Sciences,1,102,2,Male,55,1,1,Laboratory Technician,4,Single,3530,13124,0,Y,No,20,3,2,80,0,13,3,2,3,1,0,1,No
33,Travel_Rarely,389,Sales,3,4,Life Sciences,1,103,2,Female,86,2,5,Manufacturing Director,3,Married,8003,23413,5,Y,No,19,3,3,80,0,15,4,2,5,0,2,5,No
29,Travel_Rarely,290,Research & Development,2,5,Other,1,104,2,Female,66,3,3,Laboratory Technician,2,Single,7408,4541,0,Y,No,13,3,4,80,1,0,3,4,7,0,4,7,Yes
35,Non-Travel,1015,Sales,7,2,Other,1,105,3,Male,45,4,3,Sales Representative,1,Single,6111,5223,3,Y,Yes,14,3,3,80,0,0,4,1,4,4,5,8,No
40,Travel_Rarely,1280,Sales,5,1,Medical,1,106,2,Male,66,2,1,Research Scientist,2,Married,5116,20376,5,Y,No,16,4,2,80,0,2,6,3,4,6,13,4,No
54,Travel_Rarely,795,Research & Development,21,2,Life Sciences,1,107,4,Male,53,1,2,Sales Executive,1,Single,9469,9791,0,Y,Yes,19,3,3,80,0,15,5,1,18,9,0,1,No
38,Travel_Frequently,989,Sales,26,2,Life Sciences,1,108,3,Male,55,3,5,Manager,2,Divorced,3897,25169,8,Y,No,20,3,1,80,1,16,5,2,13,0,6,4,No
39,Travel_Rarely,572,Sales,5,2,Marketing,1,109,2,Female,49,4,4,Manufacturing Director,1,Married,4605,22981,3,Y,Yes,12,3,2,80,1,20,1,3,13,2,0,7,Yes
36,Travel_Frequently,1200,Sales,20,2,Marketing,1,110,4,Male,38,1,3,Research Scientist,2,Single,8732,6043,8,Y,No,12,3,1,80,3,8,4,3,4,10,0,1,Yes
19,Travel_Rarely,378,Research & Development,13,1,Life Sciences,1,111,1,Female,58,4,2,Laboratory Technician,3,Single,11253,12753,8,Y,Yes,12,3,1,80,1,12,2,2,0,0,2,3,Yes
36,Travel_Rarely,1041,Research & Development,21,3,Medical,1,112,3,Male,60,4,3,Research Scientist,1,Married,10824,10104,5,Y,No,15,4,4,80,2,5,0,3,22,4,2,3,No
37,Travel_Rarely,1468,Research & Development,20,2,Life Sciences,1,113,4,Male,48,4,2,Research Director,3,Married,5279,25917,6,Y,No,16,3,4,80,1,21,1,3,3,0,6,8,No
59,Travel_Rarely,672,Sales,6,4,Marketing,1,114,1,Male,49,1,5,Manufacturing Director,1,Married,1009,18494,0,Y,Yes,13,4,2,80,1,5,0,1,8,2,0,0,No
35,Non-Travel,958,Research & Development,20,5,Technical Degree,1,115,4,Male,56,2,5,Sales Executive,1,Married,5139,10053,4,Y,Yes,13,3,4,80,0,20,1,2,11,11,0,0,No
39,Travel_Rarely,1102,Research & Development,18,5,Marketing,1,116,2,Male,73,4,5,Laboratory Technician,1,Married,6845,8335,2,Y,Yes,12,4,3,80,0,9,3,4,3,6,8,3,No
36,Travel_Rarely,1307,Research & Development,25,4,Marketing,1,117,2,Male,64,2,1,Sales Representative,2,Divorced,1263,16881,9,Y,No,21,3,2,80,1,23,4,3,12,8,0,6,No
26,Travel_Rarely,559,Research & Development,2,2,Life Sciences,1,118,1,Male,51,2,2,Manufacturing Director,1,Married,5051,10000,9,Y,No,16,4,4,80,0,12,3,2,7,6,5,2,No
47,Travel_Rarely,1019,Sales,25,1,Marketing,1,119,2,Male,44,3,4,Manager,3,Married,12173,21500,5,Y,No,11,3,4,80,1,12,0,1,5,6,6,0,No
43,Travel_Frequently,934,Human Resources,26,3,Other,1,120,4,Female,42,3,4,Research Scientist,2,Married,7193,15279,3,Y,No,19,4,3,80,1,5,5,1,3,0,5,6,Yes
44,Travel_Rarely,1189,Research & Development,6,5,Life Sciences,1,121,1,Male,33,2,5,Sales Representative,2,Divorced,3959,15397,8,Y,Yes,21,3,1,80,2,28,0,1,0,11,3,2,Yes
28,Travel_Rarely,940,Research & Development,9,3,Other,1,122,4,Male,85,3,4,Healthcare Representative,1,Married,6635,3360,6,Y,No,20,3,3,80,3,19,1,3,0,10,4,4,No
49,Non-Travel,1385,Research & Development,25,1,Technical Degree,1,123,4,Female,52,3,3,Healthcare Representative,4,Married,6893,2572,3,Y,No,14,3,1,80,0,15,0,4,24,1,0,3,No
24,Travel_Rarely,294,Research & Development,3,5,Technical Degree,1,124,4,Male,63,2,2,Research Scientist,2,Married,4745,22774,5,Y,No,24,3,4,80,0,13,4,1,15,9,0,0,Yes
42,Non-Travel,717,Research & Development,1,3,Life Sciences,1,125,2,Female,46,1,2,Sales Representative,1,Married,10130,6071,1,Y,No,12,3,1,80,1,6,0,4,7,8,1,5,No
56,Travel_Rarely,507,Research & Development,1,1,Medical,1,126,2,Female,57,3,2,Manufacturing Director,3,Single,1009,8162,2,Y,No,23,4,1,80,0,16,3,2,16,6,0,6,Yes
27,Travel_Rarely,1044,Human Resources,19,3,Marketing,1,127,4,Male,43,3,3,Sales Representative,4,Married,8717,13830,6,Y,No,22,3,4,80,0,10,5,1,15,4,0,3,No
31,Travel_Rarely,822,Research & Development,5,2,Life Sciences,1,128,3,Female,63,1,1,Research Scientist,2,Single,3806,22752,3,Y,No,16,3,2,80,1,11,4,3,10,3,2,0,No
37,Travel_Frequently,194,Sales,13,1,Other,1,129,4,Female,86,1,3,Sales Executive,4,Single,11414,14834,9,Y,Yes,15,3,3,80,3,18,0,1,4,10,0,10,Yes
32,Non-Travel,531,Research & Development,19,3,Medical,1,130,4,Female,84,1,2,Research Scientist,2,Divorced,1009,24891,6,Y,No,13,3,4,80,1,13,2,3,13,4,6,5,Yes
22,Travel_Rarely,755,Research & Development,12,2,Other,1,131,1,Female,95,2,2,Laboratory Technician,4,Single,10911,9885,8,Y,Yes,23,3,3,80,1,11,2,2,12,5,1,0,No
37,Travel_Rarely,535,Research & Development,16,2,Life Sciences,1,132,4,Male,66,1,2,Laboratory Technician,4,Single,2790,2579,4,Y,No,13,4,3,80,0,22,5,4,11,10,0,12,No
27,Travel_Rarely,1237,Sales,25,1,Medical,1,133,2,Female,97,2,4,Laboratory Technician,3,Single,8013,14374,0,Y,No,15,3,1,80,1,4,3,4,4,8,1,1,Yes
41,Travel_Rarely,476,Research & Development,25,4,Technical Degree,1,134,1,Male,55,4,1,Laboratory Technician,4,Married,4314,6767,4,Y,Yes,14,3,4,80,0,0,1,4,9,0,1,8,No
28,Travel_Rarely,1184,Research & Development,19,5,Medical,1,135,3,Male,90,4,3,Manager,3,Married,11797,2431,5,Y,Yes,15,3,2,80,1,5,1,1,8,2,0,6,No
51,Non-Travel,1168,Research & Development,3,1,Marketing,1,136,1,Male,96,1,2,Sales Executive,1,Single,5601,17186,1,Y,No,12,3,3,80,0,12,5,1,4,1,0,5,Yes
29,Travel_Rarely,308,Research & Development,12,2,Life Sciences,1,137,3,Male,81,1,5,Research Scientist,2,Single,3101,25378,7,Y,Yes,21,3,3,80,2,16,0,2,9,5,0,9,Yes
33,Travel_Rarely,881,Research & Development,5,2,Life Sciences,1,138,1,Male,47,4,1,Sales Representative,3,Single,13075,4097,1,Y,No,11,3,2,80,1,5,4,4,14,2,0,0,No
44,Travel_Rarely,1421,Sales,2,1,Medical,1,139,1,Female,82,2,5,Laboratory Technician,2,Single,5183,3565,8,Y,Yes,15,3,3,80,1,40,5,2,16,2,0,6,No
25,Travel_Rarely,1243,Research & Development,22,4,Life Sciences,1,140,3,Female,92,2,1,Laboratory Technician,3,Single,8952,25205,1,Y,No,21,3,4,80,2,12,1,3,10,3,1,2,No
38,Travel_Rarely,633,Sales,7,5,Technical Degree,1,141,2,Male,82,1,2,Laboratory Technician,2,Married,10913,20520,2,Y,No,11,3,2,80,0,12,2,1,5,5,5,12,No
48,Travel_Rarely,1347,Sales,13,3,Life Sciences,1,142,2,Female,56,1,1,Laboratory Technician,3,Single,2366,13714,7,Y,Yes,13,3,4,80,0,1,1,4,12,3,0,0,Yes
22,Travel_Frequently,267,Research & Development,25,1,Other,1,143,2,Female,60,1,1,Sales Executive,2,Single,8483,19997,5,Y,No,18,4,2,80,1,0,2,1,1,7,5,5,No
38,Travel_Rarely,744,Research & Development,15,5,Life Sciences,1,144,1,Male,30,4,2,Laboratory Technician,1,Divorced,9118,8583,0,Y,No,21,3,3,80,3,0,1,4,4,0,0,5,No
39,Travel_Rarely,1281,Research & Development,22,5,Technical Degree,1,145,4,Male,35,3,5,Human Resources,2,Divorced,1009,22866,3,Y,No,18,3,2,80,1,21,3,4,14,0,2,1,Yes
44,Travel_Rarely,1309,Research & Development,3,2,Life Sciences,1,146,1,Female,40,1,5,Laboratory Technician,1,Single,8018,9950,4,Y,No,19,3,4,80,0,20,5,1,18,1,0,3,Yes
25,Travel_Frequently,191,Research & Development,28,3,Life Sciences,1,147,4,Female,63,2,4,Sales Executive,1,Single,4836,11459,2,Y,Yes,11,3,2,80,1,11,4,1,13,0,0,2,Yes
24,Travel_Frequently,1219,Research & Development,21,1,Life Sciences,1,148,4,Female,92,3,5,Manager,1,Married,14114,3699,0,Y,Yes,14,3,3,80,0,1,5,2,6,4,3,0,Yes
41,Travel_Rarely,114,Sales,20,2,Marketing,1,149,2,Female,82,2,5,Research Scientist,4,Married,10570,7758,2,Y,No,16,3,1,80,1,9,6,1,0,2,3,0,No
39,Travel_Rarely,1074,Human Resources,5,2,Life Sciences,1,150,4,Male,47,3,1,Sales Executive,2,Divorced,8563,25417,8,Y,Yes,17,3,3,80,0,22,0,1,11,0,4,3,No
39,Travel_Rarely,906,Research & Development,24,4,Life Sciences,1,151,1,Male,50,4,4,Sales Representative,4,Married,1009,23595,1,Y,No,15,3,3,80,2,7,2,1,10,0,0,6,No
40,Travel_Rarely,1046,Research & Development,8,5,Life Sciences,1,152,1,Male,48,3,2,Sales Executive,4,Married,8591,7473,0,Y,No,23,3,1,80,0,4,1,3,10,4,5,1,No
30,Travel_Rarely,843,Sales,22,1,Medical,1,153,2,Male,33,2,2,Research Director,2,Divorced,2923,13679,6,Y,No,17,3,2,80,2,8,0,3,0,7,7,0,No
39,Travel_Rarely,977,Research & Development,1,1,Life Sciences,1,154,3,Female,58,3,3,Laboratory Technician,1,Married,10605,4218,6,Y,No,21,3,3,80,0,9,2,3,4,1,2,3,No
39,Travel_Rarely,1275,Sales,8,1,Life Sciences,1,155,1,Female,54,4,4,Healthcare Representative,4,Single,5748,15515,4,Y,No,20,3,1,80,0,17,5,2,18,3,0,5,No
30,Non-Travel,761,Sales,24,2,Life Sciences,1,156,4,Male,85,2,1,Laboratory Technician,4,Married,4060,7085,1,Y,No,18,3,4,80,2,0,2,2,0,1,0,3,No
53,Travel_Frequently,1133,Research & Development,18,4,Other,1,157,1,Female,92,1,3,Research Scientist,3,Single,4447,8888,0,Y,Yes,20,3,1,80,0,12,3,4,10,3,2,4,No
41,Travel_Rarely,1154,Research & Development,20,3,Medical,1,158,1,Male,56,3,3,Manufacturing Director,2,Single,4759,19924,4,Y,No,16,4,3,80,1,5,1,2,2,10,0,7,No
26,Travel_Rarely,397,Research & Development,28,2,Other,1,159,1,Female,89,2,2,Research Director,4,Married,1009,5400,9,Y,No,21,3,4,80,0,7,6,1,10,13,0,3,Yes
42,Travel_Rarely,1087,Research & Development,16,3,Technical Degree,1,160,3,Female,78,3,5,Healthcare Representative,2,Single,1009,20850,3,Y,Yes,14,3,3,80,1,17,5,4,5,2,1,7,Yes
28,Travel_Rarely,1027,Research & Development,18,4,Human Resources,1,161,4,Female,94,4,1,Manufacturing Director,2,Single,4923,18628,8,Y,No,11,4,1,80,0,1,6,1,14,2,1,5,No
44,Travel_Rarely,741,Research & Development,20,5,Life Sciences,1,162,2,Female,67,2,4,Human Resources,4,Divorced,13809,17999,4,Y,No,21,3,4,80,0,12,0,4,7,5,1,0,No
47,Travel_Rarely,441,Research & Development,12,1,Marketing,1,163,1,Male,81,1,3,Research Scientist,2,Married,9857,20137,9,Y,No,15,3,3,80,1,15,1,2,13,4,0,8,No
29,Travel_Rarely,729,Sales,13,3,Medical,1,164,4,Female,30,1,1,Sales Executive,1,Single,10278,24617,1,Y,Yes,20,3,1,80,0,15,5,3,19,6,8,0,Yes
45,Travel_Frequently,540,Research & Development,13,2,Technical Degree,1,165,4,Female,69,3,2,Sales Executive,4,Single,12126,11164,3,Y,No,20,3,4,80,0,16,6,1,13,3,0,0,No
40,Travel_Rarely,1269,Research & Development,10,3,Other,1,166,2,Male,50,4,3,Healthcare Representative,4,Single,7821,9293,8,Y,No,20,4,3,80,1,15,1,4,10,3,1,4,No
44,Travel_Rarely,1043,Research & Development,7,5,Other,1,167,1,Female,44,4,3,Manager,4,Single,4353,20797,7,Y,No,14,3,1,80,1,16,4,3,14,5,0,6,Yes
54,Travel_Frequently,931,Research & Development,25,1,Other,1,168,3,Female,79,3,2,Manufacturing Director,3,Divorced,4568,21361,2,Y,No,15,4,3,80,0,4,2,1,10,5,0,6,No
34,Travel_Rarely,620,Research & Development,14,3,Marketing,1,169,4,Male,77,2,2,Sales Representative,3,Single,2619,16227,7,Y,Yes,14,3,3,80,1,21,6,1,3,2,0,0,No
30,Travel_Rarely,1077,Research & Development,24,5,Life Sciences,1,170,2,Male,61,2,2,Healthcare Representative,3,Married,10311,26281,1,Y,No,19,3,3,80,2,2,2,3,1,4,0,4,Yes
28,Travel_Rarely,1170,Research & Development,16,2,Life Sciences,1,171,3,Female,78,3,1,Research Scientist,3,Single,2099,19993,2,Y,No,13,3,2,80,0,14,4,2,11,4,1,0,Yes
29,Travel_Rarely,1056,Sales,15,4,Life Sciences,1,172,4,Female,97,2,1,Sales Executive,4,Divorced,16324,13673,4,Y,No,13,4,3,80,1,5,4,3,3,0,0,5,No
36,Travel_Frequently,1364,Research & Development,12,2,Life Sciences,1,173,1,Male,74,2,1,Research Director,1,Married,2256,19067,9,Y,Yes,20,3,4,80,1,0,1,2,2,3,0,4,Yes
40,Travel_Rarely,1053,Research & Development,9,1,Other,1,174,4,Male,61,2,5,Sales Executive,2,Divorced,12247,2681,9,Y,No,17,3,1,80,0,6,2,4,5,7,2,6,Yes
39,Travel_Rarely,1045,Research & Development,8,2,Life Sciences,1,175,3,Male,33,3,3,Laboratory Technician,2,Married,12273,21097,7,Y,Yes,12,3,1,80,0,10,0,2,0,2,3,6,No
44,Travel_Frequently,256,Sales,18,2,Life Sciences,1,176,3,Female,94,1,1,Research Scientist,4,Divorced,9434,23965,0,Y,No,19,3,2,80,0,22,3,4,3,1,0,6,No
37,Travel_Frequently,1306,Human Resources,23,2,Technical Degree,1,177,1,Female,94,4,5,Research Scientist,1,Divorced,14116,8317,3,Y,No,18,3,2,80,1,25,5,4,2,1,5,0,No
50,Travel_Frequently,1340,Research & Development,18,2,Life Sciences,1,178,1,Male,47,1,3,Manufacturing Director,2,Married,5577,16291,0,Y,No,22,3,2,80,0,10,4,4,22,5,3,2,No
34,Travel_Rarely,189,Research & Development,13,1,Medical,1,179,2,Male,83,2,1,Research Scientist,1,Single,7102,11481,0,Y,Yes,24,4,3,80,2,0,0,4,11,0,0,0,Yes
60,Travel_Rarely,1381,Research & Development,28,5,Life Sciences,1,180,1,Male,76,3,2,Research Director,4,Single,7554,6447,4,Y,Yes,16,3,3,80,1,1,0,1,4,5,5,0,No
42,Non-Travel,1198,Research & Development,27,3,Life Sciences,1,181,2,Female,35,4,4,Research Scientist,3,Single,9273,16933,5,Y,No,24,3,4,80,0,17,1,4,2,4,5,6,Yes
29,Travel_Frequently,1032,Research & Development,18,4,Marketing,1,182,3,Male,95,2,1,Manufacturing Director,1,Single,1009,4699,0,Y,No,23,3,1,80,1,16,4,1,0,0,0,6,No
27,Travel_Rarely,280,Research & Development,15,3,Marketing,1,183,3,Male,38,4,4,Healthcare Representative,2,Married,6001,4632,5,Y,No,19,3,1,80,3,6,0,1,0,7,1,0,No
41,Travel_Rarely,313,Research & Development,4,3,Life Sciences,1,184,4,Male,97,4,1,Manufacturing Director,2,Married,10533,15990,4,Y,No,21,3,3,80,0,2,3,4,0,8,3,1,No
34,Travel_Rarely,1359,Sales,17,4,Human Resources,1,185,4,Female,52,1,2,Sales Representative,2,Married,4751,10851,3,Y,No,13,4,1,80,1,19,0,2,1,5,5,3,Yes
43,Non-Travel,566,Research & Development,5,1,Technical Degree,1,186,2,Male,72,2,4,Research Scientist,3,Single,15710,18292,9,Y,No,14,3,3,80,1,1,3,2,6,4,3,2,No
41,Travel_Rarely,1348,Research & Development,22,4,Human Resources,1,187,1,Male,80,4,5,Sales Executive,1,Single,7101,3850,4,Y,No,17,4,2,80,0,7,6,3,5,2,0,8,No
36,Travel_Rarely,732,Research & Development,16,1,Other,1,188,1,Female,54,1,2,Sales Executive,1,Single,8918,3454,7,Y,Yes,11,3,3,80,0,14,3,1,1,2,0,2,Yes
29,Travel_Rarely,926,Sales,9,3,Life Sciences,1,189,4,Male,64,3,4,Sales Representative,2,Married,13789,20851,8,Y,No,23,3,4,80,0,0,3,1,6,2,0,1,Yes
23,Travel_Rarely,1389,Research & Development,10,1,Medical,1,190,3,Male,46,4,4,Human Resources,1,Married,7108,3289,1,Y,No,11,3,3,80,0,18,4,2,0,6,0,5,No
32,Travel_Frequently,1332,Sales,24,5,Medical,1,191,2,Female,47,2,2,Research Scientist,2,Single,13712,20609,5,Y,No,11,3,3,80,0,29,6,1,9,6,3,0,Yes
44,Travel_Rarely,708,Sales,18,4,Life Sciences,1,192,3,Male,56,3,2,Healthcare Representative,1,Married,9240,10103,2,Y,Yes,22,3,1,80,1,12,3,2,11,0,5,6,Yes
38,Travel_Frequently,986,Research & Development,17,5,Marketing,1,193,3,Male,44,4,2,Sales Executive,3,Married,9249,24121,1,Y,No,18,3,3,80,3,11,4,3,10,0,0,3,No
25,Non-Travel,467,Research & Development,18,3,Life Sciences,1,194,1,Male,98,4,3,Sales Executive,3,Divorced,2320,15886,0,Y,No,23,3,4,80,0,11,6,4,13,1,5,7,No
38,Travel_Rarely,377,Research & Development,7,4,Other,1,195,2,Female,44,2,5,Manufacturing Director,4,Single,11700,17871,3,Y,No,16,3,3,80,0,13,0,4,0,2,3,7,No
40,Travel_Rarely,481,Research & Development,4,3,Life Sciences,1,196,3,Male,71,4,1,Sales Executive,4,Married,3649,21888,7,Y,No,13,4,3,80,0,5,6,4,7,5,10,0,No
28,Travel_Rarely,1434,Sales,26,5,Medical,1,197,4,Female,63,2,4,Laboratory Technician,4,Single,5623,20845,2,Y,No,20,3,2,80,0,2,3,3,1,2,0,4,No
38,Travel_Frequently,1393,Research & Development,5,3,Life Sciences,1,198,4,Male,77,2,1,Manufacturing Director,1,Married,12418,21821,4,Y,No,17,3,3,80,0,8,6,1,0,5,1,3,Yes
37,Travel_Rarely,1046,Research & Development,28,4,Marketing,1,199,1,Male,37,2,2,Healthcare Representative,3,Married,4776,17119,9,Y,No,16,3,3,80,0,12,2,3,0,9,2,3,No
26,Travel_Rarely,1189,Sales,23,4,Other,1,200,4,Female,39,2,5,Laboratory Technician,3,Married,8134,25759,4,Y,Yes,15,3,3,80,2,3,0,1,22,2,8,8,No
40,Travel_Frequently,911,Research & Development,16,3,Marketing,1,201,4,Female,34,4,5,Manufacturing Director,3,Single,6246,21575,4,Y,Yes,13,3,4,80,0,0,5,1,12,0,0,4,Yes
42,Travel_Rarely,1475,Research & Development,3,4,Human Resources,1,202,3,Male,77,3,3,Laboratory Technician,2,Single,6410,3427,8,Y,Yes,24,4,1,80,1,7,6,4,16,0,0,0,No
46,Non-Travel,1026,Research & Development,26,4,Medical,1,203,4,Female,55,3,2,Sales Executive,1,Married,5797,25643,7,Y,No,14,3,2,80,0,0,6,2,9,0,2,2,No
46,Travel_Rarely,595,Research & Development,18,3,Human Resources,1,204,4,Male,52,1,4,Healthcare Representative,1,Married,1629,14930,7,Y,No,23,3,2,80,0,16,6,2,1,6,0,1,No
24,Travel_Rarely,1223,Research & Development,23,5,Life Sciences,1,205,3,Male,91,2,3,Sales Executive,4,Married,9062,5430,0,Y,No,23,3,3,80,2,0,2,4,11,6,1,2,No
28,Travel_Rarely,1196,Research & Development,21,4,Life Sciences,1,206,1,Male,42,4,2,Sales Executive,2,Divorced,9480,10251,0,Y,Yes,21,3,3,80,0,2,2,1,21,6,0,4,No
41,Travel_Frequently,465,Research & Development,14,4,Life Sciences,1,207,1,Female,38,4,3,Laboratory Technician,2,Married,3764,21562,1,Y,Yes,21,3,1,80,3,22,1,3,10,0,6,1,No
41,Travel_Rarely,671,Sales,15,4,Life Sciences,1,208,2,Male,49,1,1,Sales Representative,3,Married,4421,5481,7,Y,Yes,11,3,3,80,0,9,4,4,6,2,7,6,No
41,Travel_Frequently,864,Research & Development,17,4,Marketing,1,209,4,Male,86,3,2,Sales Executive,4,Married,10791,6807,9,Y,Yes,19,4,4,80,1,12,1,4,8,2,7,9,No
60,Non-Travel,377,Research & Development,1,3,Life Sciences,1,210,3,Male,53,4,4,Sales Executive,1,Divorced,5260,26283,0,Y,Yes,15,3,1,80,3,10,4,3,13,10,2,4,No
42,Travel_Rarely,151,Research & Development,25,5,Other,1,211,2,Male,62,1,4,Sales Executive,2,Married,6935,7195,3,Y,No,12,3,3,80,0,6,1,1,6,5,2,6,No
47,Non-Travel,1483,Research & Development,21,5,Other,1,212,1,Female,49,3,2,Research Scientist,3,Single,2356,4525,8,Y,No,22,3,1,80,0,19,0,4,6,4,2,0,Yes
45,Travel_Rarely,829,Research & Development,17,1,Other,1,213,1,Female,89,4,3,Laboratory Technician,1,Married,6201,3110,1,Y,No,21,3,2,80,1,6,2,4,2,5,4,7,No
42,Travel_Rarely,1007,Research & Development,23,4,Other,1,214,3,Female,77,2,5,Sales Executive,3,Divorced,2381,19119,2,Y,No,19,3,3,80,0,4,0,1,9,2,6,9,Yes
34,Travel_Rarely,1029,Sales,25,4,Marketing,1,215,2,Male,93,1,2,Manager,1,Single,3656,22540,5,Y,No,22,3,1,80,1,16,4,3,0,5,4,8,No
43,Travel_Frequently,665,Research & Development,11,1,Life Sciences,1,216,2,Male,59,4,4,Healthcare Representative,3,Married,2908,10601,9,Y,No,17,3,1,80,0,0,2,3,4,2,2,2,No
29,Travel_Rarely,884,Research & Development,17,5,Life Sciences,1,217,3,Female,46,1,1,Healthcare Representative,1,Divorced,10557,2534,2,Y,No,24,3,3,80,0,9,2,2,6,9,4,8,No
34,Travel_Rarely,586,Sales,26,2,Medical,1,218,3,Female,43,1,4,Laboratory Technician,4,Married,1009,19616,3,Y,No,24,3,1,80,0,7,4,2,0,1,2,10,No
32,Travel_Rarely,1209,Human Resources,14,2,Medical,1,219,2,Male,48,1,5,Research Scientist,1,Married,7753,16728,8,Y,Yes,18,3,3,80,2,8,0,3,6,4,0,2,No
37,Travel_Rarely,685,Research & Development,20,5,Life Sciences,1,220,1,Female,88,2,4,Research Scientist,1,Single,5451,7337,8,Y,No,23,3,3,80,0,7,2,2,12,6,0,6,Yes
57,Travel_Rarely,1421,Research & Development,19,4,Technical Degree,1,221,4,Female,96,3,5,Laboratory Technician,1,Married,13062,4397,9,Y,Yes,13,3,4,80,0,14,5,2,15,3,2,2,Yes
19,Travel_Frequently,337,Sales,21,2,Other,1,222,1,Female,73,3,2,Sales Executive,3,Single,10163,17080,4,Y,No,24,3,4,80,1,19,6,1,5,4,0,0,No
43,Travel_Frequently,157,Sales,7,3,Life Sciences,1,223,3,Male,61,4,4,Manufacturing Director,2,Divorced,1009,14428,6,Y,Yes,17,4,1,80,0,14,0,4,4,3,0,3,No
22,Travel_Rarely,461,Research & Development,24,3,Life Sciences,1,224,2,Male,40,2,3,Research Scientist,1,Married,3865,16134,8,Y,No,21,3,1,80,0,8,0,2,5,0,4,2,Yes
32,Non-Travel,211,Sales,13,1,Other,1,225,2,Male,31,3,3,Research Scientist,1,Married,6434,8044,7,Y,Yes,11,4,1,80,0,16,0,2,10,10,4,3,No
46,Travel_Rarely,293,Research & Development,18,5,Medical,1,226,4,Male,97,4,4,Research Scientist,4,Married,3864,9140,6,Y,No,16,3,2,80,1,17,2,1,3,2,3,0,Yes
37,Non-Travel,1005,Research & Development,23,5,Life Sciences,1,227,2,Male,46,4,4,Sales Executive,1,Single,10768,8700,7,Y,Yes,20,3,3,80,1,14,3,3,3,0,0,5,No
27,Travel_Rarely,1218,Sales,14,2,Life Sciences,1,228,4,Male,69,1,1,Sales Representative,4,Single,7298,5515,4,Y,No,16,3,3,80,0,19,6,2,8,1,1,3,No
30,Travel_Rarely,963,Sales,1,4,Marketing,1,229,1,Female,75,2,4,Sales Executive,1,Single,5591,15528,4,Y,Yes,21,3,2,80,0,0,1,4,10,8,4,6,Yes
43,Travel_Rarely,669,Research & Development,7,5,Life Sciences,1,230,1,Male,33,3,1,Sales Representative,3,Married,11110,20556,4,Y,Yes,20,3,2,80,1,11,4,2,8,12,0,2,No
30,Travel_Frequently,1185,Human Resources,8,2,Life Sciences,1,231,2,Male,67,2,1,Laboratory Technician,2,Married,1009,8197,0,Y,No,22,3,1,80,1,13,0,4,7,5,0,10,No
38,Travel_Rarely,751,Research & Development,18,2,Medical,1,232,2,Female,92,2,1,Sales Representative,2,Married,5252,22628,5,Y,No,16,3,3,80,0,0,2,3,4,7,3,2,No
37,Travel_Rarely,140,Research & Development,9,5,Life Sciences,1,233,3,Female,58,3,1,Laboratory Technician,2,Married,7665,4294,4,Y,Yes,13,3,4,80,0,13,4,2,7,10,1,4,No
30,Travel_Rarely,1174,Research & Development,1,2,Technical Degree,1,234,3,Female,48,3,2,Research Director,3,Divorced,5835,23029,7,Y,No,16,3,4,80,0,18,3,4,0,0,6,0,No
56,Travel_Rarely,738,Research & Development,22,1,Life Sciences,1,235,2,Male,58,2,3,Sales Executive,4,Single,1009,24907,7,Y,No,24,3,2,80,1,9,5,4,16,5,0,4,Yes
42,Travel_Rarely,1138,Research & Development,17,1,Medical,1,236,2,Female,64,4,1,Laboratory Technician,2,Married,8093,10321,1,Y,No,13,4,2,80,3,16,3,4,7,10,5,5,No
18,Travel_Frequently,137,Research & Development,19,5,Other,1,237,1,Male,99,2,3,Sales Executive,3,Single,8862,11103,5,Y,No,20,4,3,80,0,19,2,3,19,7,0,2,Yes
38,Travel_Frequently,202,Research & Development,27,4,Technical Degree,1,238,2,Male,52,3,1,Laboratory Technician,3,Married,1741,16315,9,Y,No,19,3,3,80,0,21,0,4,14,3,4,6,No
30,Travel_Rarely,1211,Research & Development,6,1,Life Sciences,1,239,3,Female,75,2,3,Laboratory Technician,1,Single,1009,16202,9,Y,Yes,17,3,4,80,0,20,3,1,2,5,0,2,No
44,Travel_Frequently,1348,Sales,3,1,Medical,1,240,1,Male,73,3,4,Manufacturing Director,4,Married,3314,4040,5,Y,No,24,3,3,80,0,21,6,3,4,10,0,8,No
29,Travel_Rarely,1463,Human Resources,24,5,Other,1,241,4,Male,77,4,4,Research Scientist,3,Single,5543,6050,2,Y,No,23,4,1,80,0,7,3,4,0,4,3,0,No
35,Travel_Frequently,267,Sales,5,3,Other,1,242,3,Male,81,2,3,Sales Executive,4,Single,5980,14637,0,Y,No,14,3,2,80,2,8,3,3,2,0,1,3,Yes
41,Travel_Frequently,484,Sales,2,2,Other,1,243,3,Male,37,4,1,Manufacturing Director,2,Divorced,1009,20703,6,Y,No,13,3,4,80,0,0,6,3,0,6,2,13,No
44,Travel_Rarely,891,Research & Development,20,1,Medical,1,244,1,Male,84,2,2,Laboratory Technician,2,Single,7455,9809,9,Y,No,16,3,4,80,1,2,5,1,1,0,0,0,Yes
25,Travel_Frequently,132,Research & Development,25,3,Technical Degree,1,245,4,Female,95,2,3,Sales Executive,2,Married,11335,5419,4,Y,No,19,4,1,80,0,20,2,4,0,1,3,7,Yes
33,Travel_Rarely,112,Research & Development,4,4,Life Sciences,1,246,3,Male,69,3,5,Research Director,1,Married,10996,10793,9,Y,No,13,3,3,80,1,6,4,3,12,2,6,5,No
32,Travel_Rarely,1427,Research & Development,10,3,Life Sciences,1,247,2,Female,60,1,2,Research Director,1,Married,12242,5839,4,Y,No,18,3,3,80,1,14,1,3,0,4,5,2,Yes
30,Travel_Frequently,197,Research & Development,10,5,Marketing,1,248,3,Male,77,3,5,Sales Representative,4,Married,1009,14402,7,Y,No,16,3,2,80,0,13,2,4,20,1,0,8,No
52,Travel_Rarely,1315,Sales,24,4,Life Sciences,1,249,1,Male,90,2,3,Manager,4,Married,10631,14163,4,Y,No,14,4,1,80,2,20,0,1,5,5,0,5,No
40,Travel_Rarely,554,Research & Development,21,4,Human Resources,1,250,1,Male,81,1,1,Sales Executive,1,Single,2111,26638,4,Y,Yes,15,4,4,80,0,0,2,2,15,2,2,3,Yes
25,Travel_Rarely,293,Research & Development,11,3,Medical,1,251,1,Male,67,1,5,Human Resources,3,Single,10209,23292,0,Y,No,13,3,1,80,1,14,2,4,1,7,4,1,No
45,Travel_Frequently,587,Research & Development,27,5,Medical,1,252,3,Female,65,4,3,Research Scientist,4,Married,3034,24581,1,Y,No,24,3,4,80,2,13,5,2,11,4,0,2,No
56,Travel_Rarely,1391,Research & Development,16,1,Life Sciences,1,253,4,Male,84,2,2,Sales Executive,4,Married,8154,15583,4,Y,No,12,3,1,80,0,4,1,4,0,3,4,3,No
46,Travel_Rarely,1253,Sales,26,3,Life Sciences,1,254,2,Male,42,3,1,Manager,2,Divorced,13715,19883,6,Y,No,19,3,3,80,1,18,1,4,0,3,8,3,No
23,Travel_Frequently,339,Research & Development,17,1,Medical,1,255,1,Female,66,1,5,Research Scientist,4,Married,10884,15442,2,Y,No,23,4,4,80,1,0,1,3,13,9,4,1,Yes
32,Travel_Frequently,1480,Research & Development,16,3,Technical Degree,1,256,4,Male,76,1,3,Laboratory Technician,4,Married,2165,24568,0,Y,No,13,3,2,80,3,19,4,4,6,7,0,4,No
48,Travel_Rarely,1237,Research & Development,7,1,Human Resources,1,257,2,Female,51,3,1,Sales Executive,3,Divorced,1147,25765,1,Y,No,16,3,1,80,1,0,2,1,5,0,0,1,No
30,Travel_Rarely,1468,Research & Development,16,3,Life Sciences,1,258,1,Female,68,3,1,Laboratory Technician,4,Married,10148,20514,2,Y,Yes,15,3,3,80,0,4,5,1,0,2,0,4,No
40,Travel_Rarely,1270,Human Resources,3,4,Life Sciences,1,259,2,Male,87,1,4,Laboratory Technician,3,Married,12701,24512,8,Y,Yes,20,3,4,80,1,10,0,4,1,4,1,10,No
43,Travel_Rarely,1190,Research & Development,26,2,Life Sciences,1,260,2,Male,59,3,1,Laboratory Technician,2,Married,8520,4771,7,Y,No,21,4,3,80,1,12,1,3,0,0,3,7,Yes
28,Travel_Rarely,1372,Research & Development,16,4,Technical Degree,1,261,4,Male,47,4,3,Sales Executive,1,Married,4097,24622,3,Y,No,18,3,1,80,1,0,6,3,3,5,4,3,No
36,Travel_Frequently,836,Research & Development,8,1,Life Sciences,1,262,2,Female,47,1,2,Laboratory Technician,2,Married,6696,3838,7,Y,No,15,3,2,80,2,19,1,2,8,1,1,0,Yes
18,Travel_Rarely,1092,Sales,12,5,Life Sciences,1,263,1,Male,68,4,4,Laboratory Technician,3,Single,8532,13269,8,Y,No,21,3,2,80,0,17,6,4,7,1,3,4,No
27,Travel_Rarely,926,Sales,3,4,Life Sciences,1,264,4,Male,55,2,3,Research Scientist,3,Married,6079,12644,2,Y,No,18,3,1,80,0,26,2,2,7,1,0,10,No
34,Travel_Rarely,207,Research & Development,17,2,Life Sciences,1,265,3,Male,36,4,3,Research Director,4,Single,2169,11517,5,Y,No,21,3,4,80,1,16,0,3,0,8,0,0,No
25,Travel_Frequently,282,Sales,21,1,Human Resources,1,266,3,Male,98,3,3,Research Scientist,4,Single,11499,3271,7,Y,No,15,4,3,80,3,5,5,1,8,6,5,0,No
51,Travel_Rarely,285,Sales,18,4,Other,1,267,4,Male,94,1,5,Sales Representative,1,Married,15327,2855,9,Y,No,21,3,3,80,0,2,1,3,5,2,3,5,No
23,Non-Travel,327,Research & Development,11,3,Life Sciences,1,268,3,Female,75,4,5,Sales Executive,3,Single,13204,6872,6,Y,No,20,4,4,80,3,8,2,1,2,2,4,9,No
32,Travel_Rarely,878,Research & Development,4,5,Life Sciences,1,269,2,Male,47,3,2,Research Scientist,3,Married,1009,8552,8,Y,No,23,3,1,80,2,28,3,2,0,4,0,8,No
38,Travel_Rarely,891,Research & Development,16,1,Life Sciences,1,270,1,Female,42,3,3,Sales Executive,2,Divorced,11933,24101,6,Y,No,16,4,3,80,2,11,5,3,11,9,2,10,No
50,Travel_Rarely,1214,Sales,17,4,Life Sciences,1,271,2,Female,54,4,5,Research Scientist,1,Divorced,9217,23192,0,Y,No,15,3,3,80,2,12,6,1,0,3,2,0,No
23,Travel_Rarely,789,Sales,9,1,Life Sciences,1,272,4,Male,37,1,5,Sales Executive,2,Married,3410,22204,8,Y,No,12,3,1,80,2,22,4,2,0,0,3,2,No
47,Travel_Rarely,631,Sales,6,3,Medical,1,273,1,Male,61,4,5,Laboratory Technician,4,Married,1009,11829,4,Y,Yes,20,3,3,80,1,2,5,3,7,4,5,5,Yes
36,Travel_Rarely,1496,Research & Development,24,2,Life Sciences,1,274,4,Male,46,2,2,Research Scientist,4,Married,5965,20411,5,Y,Yes,20,4,4,80,1,15,2,4,3,5,2,0,No
27,Travel_Rarely,1073,Research & Development,27,4,Life Sciences,1,275,4,Female,77,4,2,Research Scientist,2,Married,8209,22039,1,Y,Yes,16,3,4,80,0,15,1,3,9,5,7,4,No
41,Travel_Frequently,1037,Research & Development,20,1,Life Sciences,1,276,4,Male,92,4,3,Manufacturing Director,4,Single,1297,9273,1,Y,No,24,3,1,80,0,18,5,2,7,4,0,2,No
38,Travel_Rarely,207,Sales,25,1,Medical,1,277,2,Female,69,1,4,Research Director,2,Married,12291,16943,3,Y,Yes,17,4,1,80,0,17,0,3,2,4,1,3,Yes
31,Travel_Frequently,1396,Research & Development,2,1,Other,1,278,1,Female,44,4,3,Sales Executive,3,Married,12177,6538,3,Y,No,13,3,4,80,0,10,6,2,0,0,5,5,No
37,Travel_Rarely,932,Research & Development,9,2,Medical,1,279,1,Male,35,3,5,Healthcare Representative,3,Single,8699,5058,4,Y,No,13,3,1,80,0,0,3,1,11,8,0,2,Yes
33,Travel_Rarely,780,Research & Development,28,1,Other,1,280,1,Female,92,1,5,Healthcare Representative,4,Single,1009,11316,6,Y,No,22,3,4,80,2,6,0,3,5,2,4,0,No
37,Travel_Rarely,950,Research & Development,21,5,Medical,1,281,2,Male,37,3,1,Laboratory Technician,1,Married,5268,14905,0,Y,No,17,3,4,80,1,17,0,2,0,3,2,6,No
42,Travel_Rarely,1157,Research & Development,6,5,Life Sciences,1,282,3,Female,61,1,3,Sales Representative,3,Single,9901,12161,9,Y,No,21,3,4,80,0,25,0,2,0,5,8,0,No
51,Travel_Rarely,494,Sales,3,1,Technical Degree,1,283,2,Male,74,2,5,Human Resources,4,Single,9591,9318,3,Y,No,20,3,3,80,1,1,2,4,9,4,1,3,Yes
25,Travel_Rarely,141,Sales,20,5,Life Sciences,1,284,2,Male,81,2,5,Research Scientist,1,Single,3214,12566,8,Y,No,14,3,1,80,1,1,2,1,3,9,1,1,Yes
56,Travel_Rarely,761,Human Resources,6,4,Life Sciences,1,285,4,Male,42,2,4,Manufacturing Director,4,Married,3903,17220,7,Y,No,12,3,3,80,0,0,5,4,0,8,7,6,No
19,Travel_Rarely,1343,Sales,7,5,Marketing,1,286,1,Female,53,4,1,Manufacturing Director,2,Married,3093,5195,2,Y,No,19,3,1,80,2,5,6,4,14,2,1,0,Yes
35,Travel_Rarely,1082,Sales,1,1,Other,1,287,1,Male,69,2,3,Research Scientist,4,Married,5170,5991,5,Y,No,24,3,2,80,0,18,4,3,0,11,5,3,No
42,Non-Travel,1207,Sales,23,3,Technical Degree,1,288,3,Female,43,1,2,Research Scientist,2,Single,4212,5772,8,Y,No,23,3,3,80,1,21,6,2,5,7,3,5,No
39,Travel_Frequently,946,Sales,1,4,Other,1,289,3,Male,99,2,3,Research Director,3,Married,3356,3937,7,Y,Yes,19,3,3,80,0,0,3,2,11,4,5,5,No
31,Travel_Frequently,302,Research & Development,5,2,Technical Degree,1,290,4,Male,91,1,3,Manager,3,Married,5853,20416,6,Y,No,16,3,3,80,1,1,5,2,9,1,1,7,No
35,Travel_Frequently,548,Research & Development,6,1,Marketing,1,291,1,Male,90,3,4,Sales Executive,4,Married,6687,18052,6,Y,No,24,4,2,80,1,0,0,3,0,3,1,7,No
32,Travel_Rarely,1163,Research & Development,13,2,Human Resources,1,292,3,Male,30,4,3,Sales Executive,1,Married,11609,26922,0,Y,Yes,12,4,1,80,0,4,5,3,15,0,1,5,No
31,Travel_Rarely,1336,Research & Development,2,3,Technical Degree,1,293,3,Male,95,3,4,Research Director,4,Married,1009,26344,4,Y,No,13,3,2,80,3,9,6,1,15,6,0,0,No
44,Non-Travel,545,Research & Development,15,2,Technical Degree,1,294,1,Male,61,3,4,Sales Executive,4,Married,12230,9177,6,Y,No,15,4,1,80,0,8,1,4,13,0,1,6,No
40,Travel_Rarely,1452,Research & Development,15,1,Medical,1,295,2,Female,42,2,5,Manufacturing Director,3,Married,2987,23850,1,Y,No,21,4,1,80,1,15,5,1,1,5,12,8,No
30,Travel_Rarely,862,Research & Development,13,1,Life Sciences,1,296,3,Male,62,2,2,Research Scientist,3,Single,15244,3560,5,Y,No,21,3,1,80,2,0,6,1,5,2,0,1,No
45,Travel_Rarely,328,Research & Development,26,3,Life Sciences,1,297,1,Male,61,2,4,Sales Executive,4,Married,9664,19213,1,Y,No,15,3,1,80,2,7,5,3,14,4,2,8,No
39,Travel_Rarely,149,Sales,25,1,Medical,1,298,3,Male,85,3,1,Sales Executive,3,Married,9072,2433,2,Y,No,23,3,1,80,0,21,6,2,9,1,6,7,No
44,Travel_Rarely,1143,Research & Development,14,3,Human Resources,1,299,4,Female,53,4,1,Research Scientist,2,Married,6011,13873,0,Y,No,19,3,2,80,0,22,0,3,3,1,3,1,No
42,Travel_Frequently,1013,Research & Development,26,3,Medical,1,300,3,Male,33,4,2,Sales Executive,4,Married,16196,19854,2,Y,No,20,4,3,80,1,24,5,3,5,6,1,2,No
29,Travel_Rarely,288,Human Resources,22,1,Technical Degree,1,301,1,Male,52,3,4,Laboratory Technician,3,Divorced,6356,23197,6,Y,No,13,3,2,80,0,14,3,3,0,1,0,0,No
31,Travel_Rarely,446,Research & Development,7,5,Marketing,1,302,3,Male,58,4,2,Manufacturing Director,4,Divorced,13604,19182,4,Y,No,12,3,3,80,1,6,0,1,14,0,6,7,No
43,Non-Travel,325,Human Resources,14,3,Life Sciences,1,303,4,Female,50,3,5,Research Scientist,3,Married,3799,5818,3,Y,Yes,20,3,3,80,1,12,2,2,6,0,5,1,No
42,Travel_Rarely,931,Research & Development,26,1,Life Sciences,1,304,4,Female,59,3,1,Healthcare Representative,2,Married,9867,10283,7,Y,Yes,18,3,4,80,1,31,2,3,17,7,6,1,No
36,Travel_Rarely,589,Sales,24,5,Life Sciences,1,305,3,Male,49,4,3,Laboratory Technician,2,Single,15421,22896,7,Y,No,17,3,3,80,0,7,5,1,0,0,6,3,Yes
37,Travel_Rarely,978,Research & Development,27,3,Life Sciences,1,306,3,Male,45,1,1,Laboratory Technician,4,Married,2514,23737,0,Y,No,22,4,2,80,1,25,5,3,1,4,0,0,No
48,Travel_Frequently,950,Human Resources,10,5,Other,1,307,4,Female,96,1,4,Research Scientist,2,Married,8808,12428,8,Y,No,19,3,4,80,2,0,3,4,6,12,1,5,Yes
31,Non-Travel,1354,Research & Development,17,4,Human Resources,1,308,4,Female,78,2,2,Laboratory Technician,2,Single,3180,2646,8,Y,No,13,4,1,80,1,15,6,2,20,1,3,3,Yes
41,Travel_Rarely,1080,Sales,14,4,Marketing,1,309,2,Female,87,4,1,Human Resources,3,Single,8519,5585,1,Y,Yes,16,3,1,80,1,16,6,1,7,1,0,8,No
35,Travel_Frequently,1118,Research & Development,8,5,Other,1,310,2,Female,73,2,3,Manufacturing Director,4,Single,15401,2883,1,Y,No,15,3,3,80,0,14,4,4,2,8,0,7,No
34,Travel_Rarely,289,Research & Development,4,3,Life Sciences,1,311,4,Female,54,3,3,Research Scientist,3,Single,2112,3267,7,Y,No,15,3,1,80,0,14,0,3,7,0,4,9,Yes
46,Non-Travel,371,Sales,26,1,Life Sciences,1,312,3,Female,52,1,2,Healthcare Representative,3,Single,7233,2646,5,Y,Yes,20,4,1,80,0,15,3,4,2,8,4,0,No
44,Travel_Frequently,411,Research & Development,16,2,Other,1,313,1,Male,88,4,2,Research Scientist,1,Single,2577,21900,2,Y,No,18,3,4,80,1,15,5,4,12,2,7,0,No
44,Travel_Frequently,1257,Sales,24,1,Life Sciences,1,314,3,Male,30,4,1,Sales Executive,2,Married,5892,6305,1,Y,No,11,3,2,80,0,8,5,1,12,7,0,4,No
48,Travel_Rarely,1197,Research & Development,13,2,Life Sciences,1,315,3,Male,44,4,4,Laboratory Technician,3,Single,9419,10917,4,Y,No,11,3,1,80,1,9,5,2,16,5,0,4,No
37,Non-Travel,946,Research & Development,22,2,Other,1,316,2,Female,81,1,5,Healthcare Representative,3,Married,5098,18747,7,Y,Yes,13,4,1,80,1,0,5,2,0,6,8,3,Yes
43,Travel_Frequently,1312,Research & Development,27,3,Life Sciences,1,317,2,Female,87,2,3,Research Scientist,3,Divorced,13897,2954,5,Y,No,21,3,2,80,1,17,1,1,0,2,1,10,Yes
34,Travel_Rarely,587,Sales,25,5,Technical Degree,1,318,2,Female,70,1,2,Sales Representative,2,Single,8771,2384,2,Y,No,12,3,4,80,0,21,5,3,5,2,0,2,No
39,Travel_Frequently,1316,Research & Development,27,1,Life Sciences,1,319,4,Male,73,2,5,Research Scientist,2,Divorced,1009,11743,8,Y,No,12,3,4,80,1,24,5,4,11,2,3,5,No
35,Travel_Rarely,221,Sales,20,5,Life Sciences,1,320,4,Male,33,3,5,Research Scientist,2,Married,8003,16438,7,Y,Yes,12,3,1,80,1,4,1,2,13,8,0,5,No
37,Travel_Frequently,321,Sales,18,4,Life Sciences,1,321,3,Male,97,3,5,Human Resources,4,Married,13367,7964,9,Y,No,14,3,3,80,0,0,4,2,8,4,0,1,No
42,Travel_Rarely,154,Sales,14,3,Life Sciences,1,322,3,Male,36,2,4,Laboratory Technician,3,Single,9049,2723,5,Y,No,11,4,2,80,0,14,6,4,11,11,0,5,No
29,Travel_Rarely,1362,Sales,18,3,Medical,1,323,1,Female,75,3,2,Manager,2,Single,7725,9101,0,Y,No,20,3,4,80,1,2,2,3,16,5,5,4,No
55,Travel_Rarely,859,Research & Development,5,4,Medical,1,324,3,Female,38,3,3,Manager,3,Married,5101,18280,1,Y,No,19,4,1,80,0,15,5,4,2,3,3,8,No
27,Travel_Rarely,839,Sales,26,1,Other,1,325,3,Male,62,4,2,Research Director,4,Single,6043,8037,3,Y,No,24,3,4,80,0,0,6,1,15,3,0,8,No
25,Travel_Rarely,821,Research & Development,9,4,Medical,1,326,2,Male,62,4,1,Sales Executive,1,Single,6550,18952,1,Y,Yes,15,3,1,80,0,19,5,1,16,1,2,0,Yes
47,Travel_Rarely,507,Research & Development,28,1,Life Sciences,1,327,2,Female,33,1,3,Research Scientist,4,Single,1009,23110,2,Y,No,15,4,2,80,0,12,3,3,3,5,4,0,No
44,Travel_Rarely,709,Research & Development,3,2,Medical,1,328,2,Male,94,1,2,Healthcare Representative,2,Married,8679,6174,7,Y,Yes,19,3,3,80,3,0,0,2,1,3,1,3,Yes
42,Travel_Rarely,1122,Research & Development,8,3,Life Sciences,1,329,2,Female,63,1,3,Laboratory Technician,2,Single,11184,15066,8,Y,Yes,24,3,2,80,1,13,3,2,11,1,7,7,No
42,Travel_Rarely,523,Research & Development,20,1,Life Sciences,1,330,2,Male,93,4,1,Laboratory Technician,4,Married,2984,3854,5,Y,No,15,3,4,80,1,12,5,3,19,3,5,4,No
36,Travel_Rarely,813,Research & Development,22,5,Marketing,1,331,1,Male,54,1,3,Sales Executive,3,Single,7592,13368,3,Y,Yes,23,3,4,80,2,15,4,3,1,2,0,5,Yes
28,Travel_Rarely,348,Sales,10,5,Marketing,1,332,1,Male,84,1,5,Research Scientist,2,Divorced,8161,6802,1,Y,No,23,3,4,80,1,17,3,1,18,5,1,14,No
37,Travel_Frequently,173,Human Resources,22,3,Medical,1,333,1,Male,38,4,4,Laboratory Technician,2,Single,10308,25398,6,Y,No,21,3,3,80,1,0,4,1,1,6,0,1,Yes
30,Travel_Rarely,286,Sales,19,4,Life Sciences,1,334,2,Male,46,2,1,Research Scientist,4,Married,6558,14260,9,Y,No,24,3,2,80,0,7,4,3,5,1,0,5,No
45,Non-Travel,107,Sales,21,4,Life Sciences,1,335,4,Male,50,4,3,Sales Executive,3,Married,9036,5492,6,Y,No,18,3,1,80,1,10,5,2,0,2,0,4,No
35,Travel_Frequently,1331,Sales,28,1,Human Resources,1,336,2,Male,89,2,1,Sales Executive,4,Married,1040,17024,9,Y,No,21,3,2,80,0,8,4,4,9,0,0,7,No
29,Travel_Rarely,1007,Research & Development,3,4,Life Sciences,1,337,2,Male,42,4,5,Sales Executive,4,Single,1732,12609,8,Y,Yes,11,4,2,80,0,8,3,4,7,8,6,7,No
33,Travel_Rarely,488,Sales,11,3,Life Sciences,1,338,1,Male,32,1,4,Healthcare Representative,3,Married,8526,16799,4,Y,No,11,3,3,80,0,19,1,4,7,0,0,6,No
40,Travel_Frequently,800,Research & Development,11,1,Life Sciences,1,339,2,Male,97,3,1,Healthcare Representative,3,Single,5420,5655,9,Y,Yes,14,3,2,80,0,0,0,1,3,1,2,9,No
31,Travel_Rarely,1201,Sales,17,2,Life Sciences,1,340,1,Male,33,3,5,Sales Executive,1,Married,1009,22322,3,Y,No,18,3,4,80,0,9,4,3,4,6,2,8,Yes
29,Travel_Rarely,1302,Research & Development,16,4,Life Sciences,1,341,2,Female,36,2,5,Sales Executive,4,Single,8133,12701,9,Y,No,13,3,3,80,0,9,6,2,6,1,0,5,No
39,Travel_Rarely,928,Sales,7,4,Other,1,342,3,Female,55,2,5,Laboratory Technician,3,Married,1009,22282,5,Y,No,11,3,4,80,2,10,5,1,5,1,5,3,No
39,Travel_Frequently,450,Sales,4,1,Other,1,343,4,Male,53,2,3,Research Scientist,2,Single,19202,15112,1,Y,Yes,21,3,4,80,0,3,2,3,6,6,1,5,No
32,Travel_Rarely,1380,Research & Development,23,5,Technical Degree,1,344,4,Male,39,3,2,Manager,1,Single,1009,11910,1,Y,No,22,4,2,80,2,28,4,3,0,0,0,0,No
32,Travel_Rarely,409,Sales,19,4,Life Sciences,1,345,1,Male,42,2,1,Manager,4,Married,6747,19986,8,Y,No,19,4,1,80,1,18,6,4,0,4,7,2,No
39,Non-Travel,1470,Research & Development,12,3,Life Sciences,1,346,3,Male,73,4,2,Sales Representative,3,Divorced,1254,22588,6,Y,No,19,3,2,80,1,28,3,4,9,2,0,0,No
23,Travel_Frequently,1252,Research & Development,15,4,Other,1,347,4,Female,68,4,5,Laboratory Technician,1,Married,10804,23331,6,Y,No,19,3,1,80,0,16,4,2,9,2,4,7,No
24,Travel_Rarely,388,Sales,11,2,Medical,1,348,1,Female,48,3,2,Research Scientist,1,Married,4606,8925,4,Y,No,19,3,3,80,2,17,2,2,8,8,0,8,No
30,Travel_Rarely,867,Human Resources,5,4,Other,1,349,2,Female,80,4,5,Manufacturing Director,2,Married,11260,10289,6,Y,Yes,12,3,3,80,0,11,6,4,10,4,0,6,No
34,Travel_Frequently,826,Sales,5,5,Marketing,1,350,2,Male,48,2,5,Sales Executive,1,Married,10106,5541,8,Y,Yes,24,3,3,80,1,23,1,4,4,0,1,3,Yes
39,Travel_Rarely,863,Research & Development,15,4,Life Sciences,1,351,3,Male,81,3,4,Sales Executive,4,Single,1481,15774,9,Y,No,24,3,4,80,1,15,3,3,4,0,9,1,No
50,Travel_Rarely,484,Sales,18,1,Marketing,1,352,4,Female,76,2,4,Sales Executive,3,Single,3081,7678,4,Y,No,21,3,4,80,0,9,3,2,4,3,0,7,Yes
44,Travel_Rarely,489,Research & Development,11,4,Other,1,353,2,Male,59,4,2,Research Scientist,1,Divorced,4880,5885,8,Y,Yes,21,3,3,80,0,25,5,3,0,0,0,7,No
35,Non-Travel,626,Sales,26,5,Life Sciences,1,354,1,Male,75,2,1,Research Scientist,1,Married,6182,23559,0,Y,No,21,3,2,80,0,1,3,2,10,8,6,3,No
36,Travel_Rarely,740,Research & Development,12,1,Technical Degree,1,355,2,Female,50,3,2,Sales Executive,4,Married,5576,11446,2,Y,No,14,3,4,80,2,5,2,2,11,0,0,4,No
27,Travel_Frequently,1039,Research & Development,2,3,Medical,1,356,2,Female,77,2,1,Manufacturing Director,2,Married,9922,19311,6,Y,Yes,12,3,4,80,2,33,6,1,12,4,0,2,No
36,Travel_Frequently,377,Research & Development,20,1,Life Sciences,1,357,4,Female,91,4,2,Human Resources,2,Married,7599,16792,3,Y,No,17,3,2,80,2,16,3,4,5,0,2,5,No
34,Travel_Rarely,601,Research & Development,15,2,Life Sciences,1,358,4,Male,87,1,3,Sales Executive,3,Married,3620,12284,1,Y,No,21,3,4,80,0,0,1,1,2,0,1,2,No
39,Travel_Rarely,818,Research & Development,20,1,Life Sciences,1,359,1,Male,47,3,3,Laboratory Technician,4,Married,2211,7429,2,Y,No,13,4,2,80,0,19,0,2,4,3,3,3,No
29,Travel_Rarely,438,Research & Development,4,3,Medical,1,360,3,Male,88,2,1,Sales Executive,2,Single,2665,23965,6,Y,No,19,4,1,80,0,3,0,3,3,15,1,0,No
41,Travel_Rarely,1033,Sales,22,4,Life Sciences,1,361,3,Female,77,3,4,Research Director,3,Married,8050,8354,7,Y,Yes,17,3,2,80,2,6,4,2,0,2,2,5,Yes
50,Travel_Rarely,582,Sales,18,1,Life Sciences,1,362,2,Male,92,2,1,Research Scientist,3,Married,5592,17699,8,Y,No,18,3,1,80,0,31,0,1,8,6,1,10,No
35,Travel_Frequently,1012,Sales,6,1,Life Sciences,1,363,1,Female,41,1,2,Sales Representative,2,Divorced,16277,20653,5,Y,No,19,3,4,80,0,24,2,4,12,2,0,5,No
40,Travel_Rarely,1398,Research & Development,23,1,Medical,1,364,3,Female,63,4,5,Research Scientist,4,Married,6498,11667,9,Y,No,18,3,1,80,2,26,0,3,8,7,0,7,No
43,Travel_Frequently,1183,Research & Development,27,1,Marketing,1,365,3,Male,90,2,3,Manager,1,Married,7387,22651,8,Y,No,17,3,2,80,1,6,2,2,7,3,8,6,No
33,Travel_Rarely,1453,Research & Development,26,3,Marketing,1,366,2,Male,82,2,5,Sales Executive,2,Single,1009,4882,3,Y,No,19,3,1,80,1,9,2,2,3,0,0,3,Yes
38,Travel_Rarely,210,Sales,19,5,Life Sciences,1,367,1,Male,54,1,3,Research Scientist,1,Single,1009,25938,4,Y,No,21,3,3,80,0,13,4,4,11,3,0,4,No
37,Travel_Rarely,1404,Research & Development,11,5,Technical Degree,1,368,3,Female,91,3,2,Sales Executive,1,Divorced,1229,13107,0,Y,Yes,11,3,2,80,1,18,0,2,6,0,2,2,No
37,Travel_Rarely,429,Sales,28,1,Medical,1,369,4,Female,33,4,3,Research Scientist,4,Married,3994,14463,8,Y,No,21,3,2,80,2,8,4,2,0,1,0,7,No
29,Travel_Rarely,416,Research & Development,24,3,Technical Degree,1,370,4,Female,42,2,1,Manager,4,Single,1009,8815,8,Y,No,14,3,1,80,1,25,3,4,15,5,5,5,No
37,Travel_Rarely,1236,Research & Development,2,3,Other,1,371,2,Male,71,2,5,Manufacturing Director,3,Married,1071,22669,8,Y,No,14,3,4,80,0,15,1,1,10,1,3,7,Yes
41,Travel_Rarely,800,Research & Development,27,1,Other,1,372,2,Male,78,4,5,Research Scientist,4,Single,9625,9406,2,Y,No,15,3,4,80,0,22,6,1,17,2,1,4,No
50,Travel_Rarely,882,Research & Development,8,2,Marketing,1,373,2,Female,85,1,2,Human Resources,3,Married,2458,26665,9,Y,No,18,3,2,80,0,5,0,1,14,7,0,0,No
45,Travel_Rarely,1354,Research & Development,11,1,Life Sciences,1,374,2,Male,76,3,5,Laboratory Technician,2,Single,6307,17006,9,Y,No,20,3,2,80,1,8,3,1,3,2,0,1,No
56,Travel_Rarely,257,Sales,5,2,Other,1,375,3,Female,37,4,2,Human Resources,1,Married,9283,6710,9,Y,No,11,3,1,80,0,13,5,3,5,6,3,7,No
29,Travel_Rarely,1397,Research & Development,18,1,Marketing,1,376,1,Female,84,3,4,Sales Executive,4,Married,10949,3089,7,Y,No,16,3,2,80,1,7,6,3,13,2,2,3,No
44,Non-Travel,988,Sales,23,2,Marketing,1,377,2,Male,47,1,1,Sales Representative,2,Single,7874,2450,2,Y,No,19,3,2,80,1,19,6,4,0,7,0,7,No
38,Travel_Rarely,1127,Research & Development,18,2,Human Resources,1,378,2,Male,64,1,3,Sales Executive,3,Divorced,8157,26855,5,Y,No,20,3,4,80,1,19,6,4,17,8,3,9,No
56,Travel_Frequently,859,Research & Development,14,1,Medical,1,379,3,Male,61,4,3,Laboratory Technician,4,Divorced,11093,3787,4,Y,Yes,18,3,2,80,0,9,3,4,8,0,7,7,No
29,Travel_Rarely,823,Sales,22,2,Life Sciences,1,380,2,Male,53,2,3,Laboratory Technician,1,Single,8447,4684,7,Y,No,12,3,1,80,1,16,4,3,12,0,2,7,Yes
29,Travel_Rarely,1014,Sales,10,4,Life Sciences,1,381,2,Female,36,1,4,Laboratory Technician,2,Divorced,11366,11628,2,Y,No,17,3,2,80,1,27,4,2,8,3,1,0,Yes
31,Travel_Rarely,1411,Human Resources,3,5,Other,1,382,1,Female,42,1,1,Laboratory Technician,4,Married,1009,10015,0,Y,No,15,3,2,80,0,19,6,3,7,1,0,3,Yes
18,Travel_Rarely,972,Human Resources,9,3,Other,1,383,4,Female,98,4,5,Research Scientist,4,Married,6106,3785,8,Y,Yes,12,3,2,80,3,16,6,1,5,7,1,4,No
32,Travel_Rarely,114,Research & Development,3,2,Life Sciences,1,384,2,Female,71,4,5,Human Resources,2,Divorced,6761,11368,9,Y,No,21,3,3,80,0,21,1,1,6,4,0,7,No
29,Travel_Rarely,709,Sales,11,2,Life Sciences,1,385,3,Male,60,4,1,Human Resources,3,Married,5945,20535,8,Y,No,11,3,2,80,1,24,1,2,0,0,0,4,No
38,Travel_Rarely,599,Sales,12,3,Other,1,386,1,Male,55,1,1,Human Resources,3,Married,7079,4998,2,Y,No,12,3,1,80,0,23,6,4,10,9,3,0,Yes
40,Travel_Rarely,339,Research & Development,12,2,Marketing,1,387,3,Female,61,3,3,Human Resources,4,Divorced,4580,13481,1,Y,Yes,21,3,4,80,1,10,1,3,20,9,3,0,No
53,Travel_Rarely,1219,Research & Development,3,3,Human Resources,1,388,1,Male,81,1,5,Manager,3,Married,10208,22929,3,Y,No,20,3,4,80,1,18,6,2,1,0,2,2,No
45,Non-Travel,1463,Sales,21,1,Medical,1,389,1,Female,49,4,1,Human Resources,3,Married,3982,13703,7,Y,No,16,4,3,80,0,8,1,2,0,2,1,13,No
31,Travel_Rarely,882,Research & Development,7,4,Marketing,1,390,2,Female,69,2,5,Sales Representative,2,Single,5476,9031,5,Y,Yes,21,4,1,80,1,10,6,3,16,7,5,5,No
28,Travel_Rarely,1296,Sales,14,4,Medical,1,391,2,Male,88,2,1,Research Scientist,3,Divorced,13286,20858,9,Y,No,22,3,4,80,1,15,4,2,9,7,0,5,No
41,Travel_Rarely,707,Human Resources,24,5,Human Resources,1,392,2,Male,43,4,2,Manager,3,Married,12630,10302,0,Y,Yes,18,3,4,80,1,0,2,4,12,9,0,0,No
24,Travel_Rarely,762,Research & Development,28,2,Medical,1,393,4,Male,73,2,3,Research Director,2,Married,7240,17877,7,Y,No,13,3,2,80,0,14,4,3,10,13,2,8,Yes
53,Travel_Rarely,950,Research & Development,11,5,Technical Degree,1,394,4,Female,77,1,1,Healthcare Representative,4,Married,3506,10609,4,Y,No,15,4,2,80,0,5,2,3,1,5,6,2,No
47,Travel_Rarely,1037,Research & Development,7,1,Technical Degree,1,395,3,Male,72,3,4,Laboratory Technician,4,Single,1009,4164,5,Y,No,21,3,2,80,1,2,4,2,12,8,2,9,No
32,Travel_Rarely,729,Research & Development,25,4,Technical Degree,1,396,2,Female,45,1,1,Sales Executive,2,Single,5882,19408,4,Y,Yes,12,3,3,80,0,17,5,4,3,13,2,0,No
21,Travel_Rarely,244,Sales,21,1,Life Sciences,1,397,4,Male,64,4,2,Manager,1,Married,8888,14840,9,Y,No,22,3,2,80,1,9,4,4,1,4,0,3,No
49,Travel_Rarely,1326,Sales,10,1,Life Sciences,1,398,2,Female,82,1,4,Research Director,2,Married,3110,15865,4,Y,No,18,3,1,80,0,13,1,1,10,1,0,2,No
35,Travel_Rarely,1305,Research & Development,11,2,Life Sciences,1,399,4,Male,63,2,4,Research Scientist,1,Divorced,6527,14938,2,Y,No,14,3,3,80,0,9,2,3,8,5,0,6,No
48,Travel_Rarely,815,Research & Development,15,1,Life Sciences,1,400,4,Male,32,1,1,Sales Executive,3,Married,4862,19922,3,Y,No,21,3,4,80,2,6,3,1,9,9,4,7,No
22,Travel_Rarely,1489,Research & Development,19,4,Life Sciences,1,401,1,Female,97,3,2,Research Scientist,4,Divorced,1009,14322,4,Y,Yes,20,3,4,80,1,12,5,4,9,10,0,1,Yes
31,Travel_Rarely,580,Research & Development,16,5,Life Sciences,1,402,2,Female,34,2,4,Laboratory Technician,1,Single,7050,21880,1,Y,No,22,3,1,80,1,0,3,4,12,4,0,6,No
36,Travel_Frequently,666,Research & Development,22,4,Life Sciences,1,403,2,Male,39,3,3,Research Scientist,1,Divorced,8544,23030,5,Y,No,16,4,1,80,2,10,5,1,14,3,0,9,No
37,Travel_Rarely,572,Sales,21,2,Other,1,404,4,Female,81,3,3,Manufacturing Director,3,Single,7249,19999,1,Y,No,13,3,4,80,1,26,3,3,8,0,0,7,No
32,Travel_Rarely,485,Research & Development,28,4,Medical,1,405,2,Female,58,3,5,Human Resources,4,Married,14078,5192,3,Y,No,21,3,1,80,1,1,1,1,15,4,5,2,No
42,Travel_Rarely,1027,Research & Development,20,3,Life Sciences,1,406,4,Male,60,1,5,Manufacturing Director,3,Married,4987,26598,0,Y,No,18,3,1,80,3,22,3,4,13,0,0,2,No
27,Non-Travel,518,Research & Development,12,5,Medical,1,407,2,Male,95,1,2,Research Scientist,4,Married,4613,25833,3,Y,No,18,3,1,80,1,27,6,4,11,0,5,3,No
35,Travel_Rarely,409,Research & Development,18,3,Medical,1,408,1,Female,98,1,4,Research Director,4,Single,16682,20665,6,Y,No,13,3,2,80,1,5,4,2,3,5,0,7,No
37,Travel_Rarely,750,Sales,23,3,Other,1,409,2,Male,66,1,3,Laboratory Technician,3,Single,1009,21046,7,Y,No,22,3,4,80,0,13,1,2,12,0,6,5,No
41,Travel_Rarely,1492,Research & Development,13,2,Technical Degree,1,410,1,Male,56,2,3,Sales Executive,1,Married,3586,13079,1,Y,No,19,4,1,80,2,1,6,1,9,5,3,0,No
43,Travel_Rarely,1126,Research & Development,5,1,Life Sciences,1,411,3,Female,62,1,2,Laboratory Technician,2,Married,8196,10377,2,Y,No,20,3,1,80,0,0,3,2,0,7,0,4,Yes
26,Travel_Rarely,1169,Research & Development,4,3,Life Sciences,1,412,2,Male,97,2,4,Manufacturing Director,4,Divorced,11788,23425,0,Y,No,23,3,2,80,0,12,1,4,0,0,1,9,No
22,Travel_Rarely,840,Sales,28,4,Other,1,413,2,Male,88,3,2,Manager,4,Married,10893,15649,6,Y,No,15,3,4,80,0,14,4,3,0,2,0,7,No
48,Travel_Frequently,1223,Sales,14,1,Life Sciences,1,414,2,Female,93,2,1,Research Director,2,Divorced,1612,7034,3,Y,Yes,20,3,3,80,0,6,1,3,0,0,0,1,No
39,Travel_Rarely,1390,Sales,8,4,Other,1,415,1,Male,73,4,3,Research Scientist,2,Single,14149,6856,9,Y,No,19,3,4,80,0,2,3,1,0,6,6,0,Yes
30,Travel_Rarely,241,Sales,9,4,Life Sciences,1,416,2,Female,78,1,2,Sales Executive,3,Single,8681,3847,7,Y,No,17,3,4,80,1,5,1,2,12,0,3,2,No
51,Non-Travel,1362,Research & Development,25,1,Life Sciences,1,417,2,Female,82,4,2,Sales Executive,4,Single,2648,7148,4,Y,No,20,3,4,80,1,18,5,1,7,6,0,4,No
37,Travel_Rarely,1075,Research & Development,19,1,Life Sciences,1,418,4,Male,78,2,1,Healthcare Representative,3,Divorced,3044,15370,8,Y,Yes,13,3,2,80,0,18,0,2,12,5,1,2,No
47,Travel_Rarely,1118,Research & Development,3,4,Life Sciences,1,419,3,Male,95,1,5,Manager,2,Married,6836,23370,5,Y,No,16,3,4,80,1,16,3,3,0,11,2,0,No
37,Travel_Rarely,1054,Research & Development,5,2,Medical,1,420,1,Male,92,4,3,Research Scientist,3,Single,16615,7875,9,Y,No,20,4,3,80,1,8,4,2,0,10,4,6,No
55,Travel_Rarely,1005,Research & Development,21,5,Other,1,421,4,Male,54,1,2,Research Scientist,4,Single,7498,18565,1,Y,No,12,3,1,80,1,2,2,2,1,0,1,0,No
52,Travel_Rarely,173,Sales,26,5,Life Sciences,1,422,1,Female,33,2,3,Research Director,1,Single,16572,20119,0,Y,No,16,3,4,80,0,21,1,1,11,10,1,8,No
34,Non-Travel,1315,Research & Development,18,2,Life Sciences,1,423,4,Female,80,4,5,Research Director,1,Married,10627,5056,0,Y,Yes,22,3,2,80,2,24,5,3,11,2,5,6,Yes
45,Travel_Frequently,1393,Research & Development,1,1,Life Sciences,1,424,3,Male,40,2,2,Research Scientist,4,Married,1009,7507,8,Y,No,15,4,4,80,0,7,1,2,5,1,1,5,No
42,Travel_Rarely,1446,Sales,8,4,Life Sciences,1,425,4,Male,46,4,1,Manager,3,Married,13115,9514,0,Y,No,23,3,4,80,0,10,3,3,8,2,0,6,No
49,Travel_Rarely,208,Sales,19,5,Technical Degree,1,426,1,Male,95,3,3,Manufacturing Director,2,Married,2062,10836,2,Y,No,13,3,3,80,0,0,5,2,3,3,4,3,No
28,Travel_Frequently,1357,Research & Development,17,4,Life Sciences,1,427,2,Male,99,3,1,Sales Executive,2,Divorced,3608,12732,1,Y,No,24,3,3,80,1,15,3,3,2,11,4,4,Yes
43,Non-Travel,1167,Research & Development,17,2,Medical,1,428,2,Male,98,3,5,Research Scientist,1,Married,7796,9004,3,Y,Yes,17,3,2,80,1,27,0,2,9,0,0,9,Yes
46,Travel_Frequently,984,Research & Development,11,4,Technical Degree,1,429,3,Male,58,3,5,Sales Executive,3,Married,6366,23651,0,Y,No,21,3,2,80,0,18,4,4,11,10,3,3,No
20,Travel_Rarely,240,Sales,2,2,Life Sciences,1,430,1,Female,49,3,3,Research Scientist,2,Divorced,10699,12576,0,Y,Yes,14,3,2,80,0,28,5,3,17,7,0,5,No
26,Travel_Rarely,716,Research & Development,6,1,Other,1,431,1,Male,56,2,5,Manufacturing Director,2,Married,8858,23707,3,Y,No,21,3,2,80,1,8,5,4,0,4,3,5,No
18,Travel_Rarely,964,Research & Development,22,2,Human Resources,1,432,1,Male,37,3,4,Research Scientist,4,Married,5945,14123,3,Y,No,24,3,2,80,1,1,1,4,0,2,5,4,No
34,Travel_Rarely,374,Sales,14,2,Marketing,1,433,3,Female,90,2,3,Research Scientist,3,Divorced,14484,10909,6,Y,No,16,3,1,80,0,23,1,4,3,3,4,3,No
43,Travel_Rarely,517,Research & Development,3,5,Other,1,434,2,Male,57,3,4,Laboratory Technician,3,Single,4269,5851,7,Y,No,19,3,1,80,2,12,2,2,10,7,4,0,No
50,Travel_Rarely,607,Sales,12,4,Marketing,1,435,4,Male,99,1,5,Sales Executive,2,Married,1799,6890,7,Y,No,22,3,2,80,3,4,6,3,19,7,0,7,Yes
37,Travel_Rarely,834,Research & Development,4,5,Marketing,1,436,3,Male,32,3,3,Healthcare Representative,3,Single,8677,5386,7,Y,No,24,3,2,80,0,25,5,2,7,1,0,7,No
51,Travel_Rarely,525,Sales,12,3,Life Sciences,1,437,4,Male,98,1,4,Research Scientist,3,Single,6414,5926,8,Y,No,16,3,1,80,1,6,1,2,1,6,4,4,No
24,Travel_Rarely,491,Sales,13,2,Technical Degree,1,438,2,Male,36,2,5,Laboratory Technician,3,Single,7653,4705,0,Y,No,14,3,3,80,0,2,1,3,0,2,2,8,Yes
21,Travel_Rarely,443,Sales,2,3,Other,1,439,3,Female,89,3,2,Human Resources,4,Single,9969,10447,8,Y,Yes,20,3,1,80,1,15,6,1,3,3,0,5,No
36,Travel_Rarely,1047,Sales,2,5,Other,1,440,2,Male,33,4,2,Research Scientist,2,Married,5630,12368,9,Y,No,12,3,2,80,0,1,0,2,8,8,5,0,No
40,Travel_Rarely,715,Research & Development,15,4,Human Resources,1,441,4,Female,34,2,1,Manufacturing Director,1,Divorced,15235,10322,7,Y,No,19,3,3,80,0,19,2,4,11,7,0,0,No
36,Travel_Rarely,594,Sales,23,5,Marketing,1,442,1,Male,40,3,2,Research Scientist,3,Married,7745,13162,0,Y,No,24,3,2,80,1,2,6,2,8,0,3,2,No
18,Travel_Frequently,293,Research & Development,17,4,Life Sciences,1,443,1,Male,44,2,4,Sales Representative,2,Married,4383,25244,6,Y,No,14,3,4,80,1,13,1,1,2,4,2,1,Yes
36,Travel_Rarely,600,Sales,7,4,Life Sciences,1,444,4,Male,93,4,2,Manager,1,Married,9271,26015,8,Y,No,14,4,3,80,0,13,1,4,0,5,5,4,No
25,Travel_Rarely,923,Research & Development,28,1,Medical,1,445,1,Male,42,3,3,Research Scientist,4,Divorced,6098,23774,3,Y,No,12,3,2,80,0,13,4,2,11,4,1,0,No
42,Travel_Rarely,1358,Research & Development,14,2,Medical,1,446,4,Male,36,4,3,Healthcare Representative,2,Divorced,7032,5440,8,Y,No,15,3,1,80,0,1,5,3,3,0,0,10,No
40,Non-Travel,328,Sales,12,5,Medical,1,447,3,Male,35,3,3,Sales Executive,4,Divorced,1301,6148,0,Y,No,23,3,2,80,1,9,1,4,4,0,2,0,No
28,Travel_Rarely,1496,Human Resources,17,4,Human Resources,1,448,3,Male,85,1,2,Human Resources,2,Divorced,1833,18086,8,Y,Yes,16,3,1,80,1,22,0,1,0,0,3,3,Yes
32,Travel_Rarely,240,Sales,14,5,Technical Degree,1,449,3,Male,93,2,2,Research Scientist,4,Single,11489,6294,5,Y,No,20,3,3,80,1,9,1,2,0,1,5,1,No
27,Travel_Rarely,957,Research & Development,6,5,Other,1,450,1,Male,79,4,1,Manager,2,Married,1009,16585,3,Y,Yes,16,3,1,80,1,2,5,3,17,4,0,0,No
36,Travel_Rarely,918,Research & Development,19,4,Life Sciences,1,451,2,Male,59,2,5,Research Scientist,4,Married,5924,10621,4,Y,No,13,3,3,80,1,7,1,4,2,2,4,6,No
45,Travel_Rarely,1274,Research & Development,24,3,Other,1,452,1,Male,51,4,1,Manufacturing Director,1,Married,8031,16339,6,Y,No,22,3,2,80,1,1,6,4,0,1,5,0,No
27,Travel_Rarely,1240,Research & Development,6,2,Medical,1,453,1,Female,54,2,4,Human Resources,2,Married,13141,12629,9,Y,No,24,3,1,80,1,0,3,3,7,0,0,4,No
41,Non-Travel,1188,Research & Development,27,2,Medical,1,454,2,Female,57,2,3,Sales Representative,1,Single,4237,20038,3,Y,No,19,3,3,80,1,9,1,1,6,0,3,0,Yes
32,Travel_Rarely,205,Sales,18,1,Other,1,455,2,Male,68,2,2,Sales Executive,3,Single,10066,9616,7,Y,No,17,3,3,80,2,12,2,4,0,0,0,0,No
29,Travel_Frequently,972,Sales,24,1,Other,1,456,2,Male,96,1,5,Laboratory Technician,1,Divorced,5933,15267,2,Y,Yes,23,3,3,80,0,16,5,1,13,7,4,3,No
35,Travel_Frequently,769,Research & Development,5,1,Life Sciences,1,457,2,Male,34,3,5,Research Scientist,2,Married,1009,6258,1,Y,Yes,24,3,4,80,0,14,5,1,11,5,2,5,No
27,Travel_Rarely,374,Research & Development,24,2,Life Sciences,1,458,1,Female,94,1,2,Laboratory Technician,1,Single,6716,14532,0,Y,No,13,3,3,80,0,16,3,3,12,7,0,1,Yes
31,Non-Travel,1131,Research & Development,24,3,Other,1,459,4,Male,44,2,1,Research Scientist,2,Single,6185,25198,5,Y,No,14,3,2,80,1,10,2,4,8,5,0,8,No
25,Travel_Rarely,1272,Research & Development,6,2,Life Sciences,1,460,3,Female,96,4,5,Research Scientist,4,Married,8498,23917,1,Y,Yes,17,3,2,80,0,27,2,2,0,7,5,5,No
54,Travel_Rarely,285,Research & Development,2,2,Life Sciences,1,461,4,Male,69,2,1,Laboratory Technician,3,Married,3479,6946,7,Y,No,21,3,2,80,0,4,5,3,6,0,2,6,No
37,Travel_Rarely,1153,Human Resources,8,2,Life Sciences,1,462,1,Male,98,3,2,Sales Executive,1,Married,3980,25073,9,Y,No,18,3,3,80,3,8,0,3,4,9,0,1,Yes
30,Travel_Rarely,1244,Research & Development,15,2,Other,1,463,2,Male,72,1,1,Laboratory Technician,3,Single,12145,8807,3,Y,No,16,3,2,80,2,24,1,1,3,7,0,1,Yes
38,Travel_Rarely,394,Research & Development,15,3,Life Sciences,1,464,3,Male,30,3,3,Research Scientist,1,Single,4920,5277,8,Y,Yes,14,3,3,80,3,8,2,2,16,2,5,2,No
35,Travel_Rarely,1496,Research & Development,11,1,Marketing,1,465,3,Female,51,4,2,Research Scientist,2,Married,1009,10126,3,Y,No,22,3,3,80,0,10,1,3,0,7,0,2,No
34,Travel_Rarely,1369,Sales,22,5,Other,1,466,4,Male,91,3,2,Healthcare Representative,1,Married,8805,16369,3,Y,No,12,3,3,80,2,14,1,1,4,8,2,2,No
42,Travel_Rarely,1343,Sales,22,1,Medical,1,467,1,Male,55,1,5,Sales Executive,3,Single,10554,20887,7,Y,No,20,3,4,80,0,20,6,4,7,4,0,0,No
43,Travel_Rarely,278,Research & Development,24,1,Medical,1,468,1,Male,47,4,5,Research Scientist,1,Married,10512,6392,7,Y,No,18,3,1,80,0,12,0,1,9,6,0,6,Yes
32,Travel_Rarely,1424,Sales,1,5,Life Sciences,1,469,1,Female,77,3,5,Research Scientist,3,Married,3607,21012,4,Y,Yes,11,3,2,80,0,4,0,2,17,2,0,0,Yes
31,Travel_Rarely,159,Research & Development,18,2,Other,1,470,3,Male,38,1,3,Laboratory Technician,3,Divorced,6501,7693,2,Y,No,19,3,4,80,1,8,2,2,6,8,5,6,Yes
34,Travel_Rarely,1394,Research & Development,12,3,Human Resources,1,471,4,Male,30,1,3,Manufacturing Director,2,Single,8997,2097,1,Y,No,18,4,2,80,0,15,2,1,8,2,9,7,Yes
18,Travel_Frequently,409,Research & Development,12,3,Marketing,1,472,3,Male,38,2,4,Research Scientist,4,Married,11030,15534,8,Y,No,13,3,4,80,1,8,5,4,0,5,0,3,Yes
23,Travel_Rarely,1413,Research & Development,25,1,Human Resources,1,473,3,Male,52,3,2,Sales Executive,4,Divorced,8859,13383,8,Y,No,20,3,1,80,1,7,6,2,10,4,3,13,No
49,Travel_Frequently,1078,Human Resources,11,5,Medical,1,474,2,Female,74,4,5,Sales Representative,1,Divorced,10145,13134,4,Y,No,14,3,1,80,0,4,6,2,18,2,9,4,No
51,Travel_Rarely,1230,Research & Development,28,4,Life Sciences,1,475,4,Male,31,2,2,Human Resources,3,Divorced,3058,15358,7,Y,Yes,20,3,1,80,0,20,3,4,4,0,6,3,No
34,Travel_Rarely,1353,Research & Development,8,2,Life Sciences,1,476,2,Male,43,3,1,Sales Executive,2,Married,1009,18504,6,Y,Yes,14,4,1,80,0,10,1,3,11,7,0,3,No
42,Travel_Rarely,1372,Research & Development,28,1,Other,1,477,1,Male,67,3,3,Laboratory Technician,4,Single,11452,7255,2,Y,No,12,3,3,80,2,10,5,2,0,4,1,8,No
39,Travel_Rarely,801,Research & Development,7,3,Life Sciences,1,478,3,Female,69,4,4,Research Scientist,2,Married,2053,3058,4,Y,Yes,22,3,2,80,0,16,1,1,4,10,3,3,Yes
60,Travel_Rarely,184,Research & Development,23,5,Life Sciences,1,479,4,Male,92,2,1,Research Scientist,2,Married,5694,18036,8,Y,Yes,21,3,2,80,0,0,0,4,5,8,6,6,Yes
47,Travel_Frequently,1311,Research & Development,21,5,Marketing,1,480,1,Male,45,2,2,Research Scientist,3,Married,10296,24685,3,Y,No,20,3,2,80,0,11,0,2,9,8,0,0,Yes
35,Travel_Rarely,353,Research & Development,2,1,Life Sciences,1,481,4,Female,35,4,3,Manufacturing Director,1,Married,6625,21574,2,Y,No,15,3,3,80,2,23,6,3,6,6,4,4,No
28,Travel_Frequently,1480,Research & Development,11,4,Life Sciences,1,482,3,Male,32,2,5,Sales Executive,3,Married,9802,18549,6,Y,Yes,23,4,2,80,0,10,5,2,13,6,4,7,Yes
22,Travel_Frequently,897,Research & Development,22,3,Marketing,1,483,4,Female,43,1,1,Research Director,4,Divorced,18037,7695,7,Y,No,22,3,1,80,0,13,2,3,3,4,1,3,Yes
38,Travel_Frequently,998,Research & Development,10,1,Marketing,1,484,1,Male,95,4,3,Laboratory Technician,4,Single,9092,16278,4,Y,Yes,13,3,2,80,0,12,3,2,11,7,9,1,Yes
30,Non-Travel,311,Research & Development,3,4,Life Sciences,1,485,2,Male,96,3,2,Research Scientist,2,Single,3075,5041,7,Y,Yes,22,3,2,80,2,19,6,2,7,2,0,3,No
23,Travel_Rarely,917,Research & Development,20,5,Marketing,1,486,3,Female,60,4,2,Healthcare Representative,3,Married,1009,12601,4,Y,No,21,3,4,80,0,12,3,1,0,0,3,0,No
31,Travel_Rarely,710,Research & Development,10,2,Marketing,1,487,2,Female,62,1,1,Sales Executive,3,Single,9680,14183,8,Y,Yes,11,3,3,80,1,30,0,4,0,6,2,7,Yes
27,Travel_Rarely,548,Research & Development,28,3,Other,1,488,3,Male,30,4,1,Laboratory Technician,2,Married,6883,8332,6,Y,No,12,3,1,80,0,13,0,4,7,6,3,8,No
52,Travel_Rarely,561,Research & Development,27,3,Life Sciences,1,489,1,Female,73,3,1,Research Scientist,1,Single,1009,22968,4,Y,No,21,3,1,80,3,7,3,1,2,0,5,3,Yes
44,Travel_Rarely,1069,Research & Development,18,4,Life Sciences,1,490,3,Male,44,3,4,Research Scientist,2,Married,12041,15250,8,Y,No,22,3,1,80,1,23,3,4,8,6,0,9,Yes
36,Travel_Rarely,573,Research & Development,14,1,Other,1,491,2,Female,66,4,5,Research Scientist,2,Married,9903,4505,4,Y,Yes,17,3,2,80,1,9,2,4,0,5,2,6,Yes
50,Travel_Rarely,471,Research & Development,18,5,Life Sciences,1,492,3,Male,56,4,3,Sales Executive,4,Single,6445,17768,7,Y,No,11,3,1,80,0,6,3,4,10,8,8,4,No
37,Travel_Rarely,1001,Sales,28,4,Human Resources,1,493,1,Male,77,1,2,Sales Executive,3,Single,16777,10402,3,Y,Yes,22,3,1,80,0,2,1,2,16,3,4,8,No
29,Travel_Rarely,1024,Research & Development,24,2,Marketing,1,494,3,Female,56,1,2,Sales Executive,4,Married,11308,12497,8,Y,Yes,23,3,4,80,0,15,3,2,5,0,0,6,No
50,Travel_Rarely,238,Research & Development,8,2,Marketing,1,495,2,Female,41,3,5,Human Resources,2,Married,1843,5018,5,Y,No,23,3,2,80,1,7,4,3,0,2,0,8,No
41,Travel_Rarely,468,Research & Development,10,2,Human Resources,1,496,1,Male,96,2,1,Sales Executive,3,Married,12011,4931,5,Y,No,12,3,4,80,3,5,3,3,6,2,3,9,No
27,Travel_Frequently,1013,Research & Development,22,4,Technical Degree,1,497,2,Male,59,2,1,Sales Executive,2,Married,7698,2670,2,Y,Yes,24,3,3,80,0,6,0,4,2,3,0,3,No
35,Travel_Rarely,285,Research & Development,13,5,Life Sciences,1,498,3,Male,95,2,2,Human Resources,2,Married,15398,16735,2,Y,No,20,3,2,80,2,8,0,4,1,4,1,6,No
28,Travel_Rarely,1412,Research & Development,21,3,Life Sciences,1,499,4,Male,36,2,5,Manufacturing Director,1,Married,10932,11057,3,Y,No,17,3,4,80,0,17,6,4,5,3,0,0,No
24,Travel_Rarely,573,Sales,8,1,Medical,1,500,2,Male,63,3,2,Laboratory Technician,4,Single,8776,26385,0,Y,No,11,3,3,80,2,15,4,1,13,5,8,0,No
45,Travel_Rarely,755,Research & Development,4,3,Life Sciences,1,501,3,Male,61,2,1,Sales Executive,4,Married,8508,10485,5,Y,No,17,3,4,80,0,10,1,2,3,0,3,5,No
54,Travel_Rarely,850,Research & Development,27,5,Other,1,502,4,Male,68,2,3,Manufacturing Director,2,Single,1009,20233,0,Y,No,23,4,3,80,0,15,3,4,11,5,2,5,No
24,Travel_Rarely,638,Sales,4,3,Medical,1,503,4,Female,72,4,1,Sales Executive,1,Divorced,4093,10465,3,Y,No,18,3,1,80,0,10,3,4,5,1,0,0,No
42,Travel_Rarely,903,Sales,5,4,Technical Degree,1,504,1,Male,72,2,3,Manufacturing Director,2,Married,7479,20883,6,Y,No,21,3,1,80,1,12,4,2,6,3,0,2,No
30,Travel_Rarely,1375,Research & Development,1,2,Other,1,505,4,Male,32,4,4,Human Resources,2,Married,1009,8977,5,Y,No,23,3,2,80,1,6,6,3,13,0,2,5,Yes
32,Travel_Rarely,1021,Research & Development,17,5,Marketing,1,506,2,Male,75,3,5,Laboratory Technician,2,Married,8695,26641,7,Y,Yes,24,3,4,80,1,6,2,4,5,7,2,4,No
31,Travel_Rarely,611,Sales,2,5,Life Sciences,1,507,2,Female,61,4,4,Sales Executive,1,Divorced,3006,17752,3,Y,Yes,12,3,4,80,1,12,2,4,11,3,7,3,Yes
29,Travel_Rarely,731,Human Resources,8,3,Medical,1,508,4,Male,72,1,1,Manufacturing Director,3,Divorced,4652,8233,8,Y,No,14,4,3,80,0,12,6,4,5,5,2,0,No
37,Travel_Rarely,1103,Research & Development,7,4,Life Sciences,1,509,3,Male,32,4,5,Laboratory Technician,1,Married,9840,16278,9,Y,No,17,3,2,80,0,19,1,4,10,1,5,5,No
29,Travel_Rarely,1198,Human Resources,15,3,Technical Degree,1,510,2,Female,92,2,1,Laboratory Technician,2,Single,3887,15059,7,Y,Yes,11,3,1,80,0,15,3,2,5,2,2,3,No
39,Non-Travel,1407,Research & Development,26,3,Life Sciences,1,511,2,Female,69,4,5,Laboratory Technician,3,Divorced,8706,12587,4,Y,No,16,3,4,80,1,7,3,2,8,0,4,11,No
36,Travel_Rarely,1017,Research & Development,25,5,Medical,1,512,1,Female,47,4,5,Manufacturing Director,2,Single,7181,21466,5,Y,No,15,3,3,80,1,1,3,2,8,4,0,9,Yes
34,Travel_Rarely,1485,Research & Development,5,3,Life Sciences,1,513,3,Female,96,3,1,Laboratory Technician,1,Divorced,1524,24262,4,Y,Yes,21,3,1,80,1,18,6,3,11,6,0,4,Yes
28,Travel_Rarely,1135,Research & Development,2,2,Life Sciences,1,514,4,Female,91,3,1,Human Resources,1,Married,10642,3213,5,Y,Yes,16,3,1,80,1,13,0,4,9,0,5,0,Yes
31,Travel_Rarely,1336,Research & Development,7,3,Other,1,515,3,Female,39,2,5,Manager,3,Divorced,10883,4308,0,Y,Yes,18,3,1,80,0,18,5,3,1,4,6,12,No
43,Travel_Rarely,253,Sales,8,2,Other,1,516,1,Male,81,1,5,Research Scientist,1,Divorced,11139,10094,3,Y,No,21,3,3,80,1,14,2,3,18,3,0,7,No
41,Travel_Rarely,1130,Research & Development,28,5,Life Sciences,1,517,1,Male,75,1,1,Healthcare Representative,2,Single,15466,10159,8,Y,No,21,3,3,80,0,25,6,2,7,4,2,2,Yes
28,Non-Travel,1320,Sales,7,4,Life Sciences,1,518,3,Male,84,4,1,Sales Executive,3,Married,4567,12197,3,Y,No,11,3,1,80,1,9,5,4,12,0,0,7,No
37,Travel_Rarely,1408,Sales,7,2,Medical,1,519,1,Male,75,1,2,Manager,4,Single,1009,21379,1,Y,No,13,3,3,80,0,11,4,4,0,5,0,6,No
43,Travel_Rarely,565,Sales,28,4,Medical,1,520,1,Male,89,3,2,Sales Executive,2,Single,3412,3179,5,Y,Yes,21,4,1,80,1,17,5,3,11,3,0,1,Yes
21,Travel_Rarely,1238,Sales,14,4,Life Sciences,1,521,1,Male,55,2,2,Laboratory Technician,4,Married,11009,18651,1,Y,Yes,23,3,1,80,1,18,0,1,11,3,1,0,No
41,Travel_Rarely,372,Human Resources,21,2,Medical,1,522,3,Female,56,2,4,Manager,3,Single,6117,15658,2,Y,Yes,19,3,1,80,0,13,0,1,8,12,1,6,Yes
30,Travel_Rarely,1288,Sales,18,5,Life Sciences,1,523,1,Male,67,3,5,Research Scientist,3,Married,1009,5626,6,Y,Yes,22,3,3,80,1,0,2,4,0,0,1,7,No
42,Travel_Rarely,561,Research & Development,6,1,Other,1,524,4,Male,51,2,3,Manager,2,Divorced,1009,19716,3,Y,Yes,18,3,2,80,0,0,3,4,2,6,1,5,No
29,Travel_Frequently,206,Research & Development,4,4,Life Sciences,1,525,4,Female,55,4,4,Manufacturing Director,1,Married,13175,6928,0,Y,No,14,3,2,80,0,8,1,3,0,5,4,5,Yes
20,Travel_Rarely,1407,Research & Development,10,4,Other,1,526,2,Male,98,2,5,Research Scientist,2,Single,9360,22291,8,Y,Yes,21,3,3,80,1,11,5,3,14,6,7,8,Yes
22,Travel_Rarely,263,Sales,18,5,Life Sciences,1,527,4,Male,64,1,3,Laboratory Technician,1,Divorced,4165,14102,5,Y,No,24,3,4,80,2,0,6,2,0,6,0,3,Yes
37,Non-Travel,452,Research & Development,12,5,Human Resources,1,528,2,Male,95,2,2,Research Director,1,Divorced,15347,15056,8,Y,No,20,3,3,80,0,11,6,3,10,4,0,0,No
39,Travel_Rarely,535,Research & Development,16,3,Life Sciences,1,529,3,Female,80,2,3,Sales Executive,2,Married,18949,16555,2,Y,No,19,3,4,80,0,16,4,3,5,5,2,6,No
28,Non-Travel,953,Research & Development,25,5,Life Sciences,1,530,1,Male,47,3,1,Healthcare Representative,3,Married,11363,25562,4,Y,Yes,17,3,1,80,1,10,2,1,13,13,1,8,No
42,Travel_Rarely,241,Research & Development,7,4,Life Sciences,1,531,4,Female,72,3,1,Healthcare Representative,2,Divorced,10050,16682,8,Y,No,12,3,4,80,1,13,1,1,8,3,1,5,No
21,Travel_Frequently,1257,Human Resources,6,2,Technical Degree,1,532,2,Male,41,1,5,Research Director,4,Single,8982,10106,5,Y,No,11,3,1,80,0,15,2,1,3,3,0,0,No
36,Travel_Rarely,188,Research & Development,28,1,Medical,1,533,3,Male,32,3,4,Healthcare Representative,3,Divorced,10521,20451,1,Y,Yes,11,3,2,80,2,0,2,1,2,0,0,1,No
25,Travel_Frequently,284,Research & Development,5,3,Medical,1,534,2,Male,36,1,2,Laboratory Technician,1,Divorced,15704,22260,0,Y,No,23,3,1,80,1,16,2,3,4,1,0,3,Yes
30,Non-Travel,469,Research & Development,3,2,Technical Degree,1,535,1,Female,35,4,5,Sales Representative,3,Divorced,1928,20722,8,Y,No,13,4,4,80,0,5,2,4,0,5,2,0,Yes
37,Travel_Rarely,230,Sales,12,1,Technical Degree,1,536,4,Female,74,1,2,Manager,2,Single,4906,11943,0,Y,No,23,3,2,80,0,9,3,1,17,5,0,2,Yes
29,Non-Travel,1371,Research & Development,15,1,Medical,1,537,3,Female,68,2,1,Healthcare Representative,3,Divorced,6275,10698,4,Y,No,24,3,2,80,0,6,6,2,15,3,5,9,No
33,Travel_Rarely,771,Sales,10,1,Life Sciences,1,538,2,Female,80,1,4,Sales Executive,1,Married,9199,15861,0,Y,No,20,4,3,80,1,19,0,2,7,6,0,0,No
46,Travel_Rarely,250,Research & Development,26,2,Marketing,1,539,3,Male,38,4,4,Research Scientist,1,Married,13857,17205,4,Y,No,12,3,4,80,0,2,6,3,12,2,7,3,No
31,Travel_Rarely,1086,Research & Development,20,3,Life Sciences,1,540,2,Female,52,2,1,Manufacturing Director,3,Divorced,8440,9315,4,Y,No,14,3,4,80,3,22,6,2,6,13,0,6,No
44,Travel_Rarely,953,Research & Development,19,3,Medical,1,541,2,Male,41,1,3,Laboratory Technician,4,Single,9438,9908,6,Y,No,24,3,3,80,0,29,5,1,9,4,6,0,Yes
26,Travel_Rarely,729,Research & Development,16,1,Medical,1,542,1,Female,91,3,4,Research Scientist,1,Married,9680,13696,6,Y,No,24,3,3,80,1,0,2,4,13,6,0,8,Yes
41,Travel_Rarely,547,Research & Development,28,2,Medical,1,543,1,Male,69,3,3,Sales Executive,4,Divorced,6608,14378,9,Y,Yes,18,3,2,80,0,6,1,4,5,4,4,1,No
50,Travel_Rarely,985,Research & Development,11,1,Other,1,544,2,Male,83,3,2,Laboratory Technician,1,Divorced,4544,19860,0,Y,No,15,4,3,80,2,16,5,1,11,2,1,0,No
18,Travel_Frequently,395,Research & Development,8,5,Medical,1,545,4,Male,36,1,4,Research Scientist,3,Divorced,6850,17604,8,Y,No,15,3,2,80,1,3,1,2,0,2,2,9,No
29,Travel_Frequently,1268,Research & Development,3,3,Human Resources,1,546,3,Male,46,1,1,Research Scientist,1,Single,3424,3217,0,Y,Yes,16,4,4,80,0,9,1,3,8,0,4,7,No
42,Travel_Rarely,351,Sales,23,4,Life Sciences,1,547,3,Male,79,4,3,Research Scientist,4,Married,3505,14615,4,Y,No,23,3,3,80,2,12,0,4,6,0,1,0,No
35,Travel_Rarely,979,Research & Development,7,1,Life Sciences,1,548,1,Female,53,2,2,Manager,4,Single,8229,23659,6,Y,No,22,3,4,80,0,5,0,1,4,7,0,2,No
40,Travel_Rarely,1049,Research & Development,23,5,Medical,1,549,4,Male,31,2,2,Laboratory Technician,3,Divorced,4252,22490,7,Y,No,15,3,2,80,1,11,1,1,5,2,0,5,No
31,Travel_Rarely,1076,Sales,7,3,Human Resources,1,550,2,Male,62,2,4,Sales Executive,4,Single,15179,4337,1,Y,Yes,15,4,1,80,1,18,3,2,5,3,0,2,No
37,Travel_Rarely,1427,Research & Development,14,2,Life Sciences,1,551,1,Female,50,2,4,Sales Executive,4,Married,7188,4683,0,Y,Yes,24,3,1,80,1,10,0,3,13,9,7,8,No
35,Travel_Rarely,1150,Sales,2,3,Life Sciences,1,552,2,Male,82,1,5,Laboratory Technician,3,Married,12888,12064,3,Y,No,17,3,4,80,2,3,0,3,6,8,2,7,Yes
47,Travel_Rarely,890,Research & Development,10,2,Life Sciences,1,553,2,Female,75,1,5,Manager,1,Divorced,1009,19607,3,Y,No,16,3,2,80,2,20,3,2,24,4,2,0,No
39,Non-Travel,1085,Research & Development,19,2,Life Sciences,1,554,1,Male,74,4,4,Manufacturing Director,3,Married,1009,16724,9,Y,No,23,3,2,80,3,22,2,1,1,3,1,1,No
39,Travel_Rarely,990,Research & Development,26,1,Technical Degree,1,555,4,Female,38,2,5,Research Scientist,1,Married,5977,13808,5,Y,No,23,3,1,80,0,14,0,2,10,3,2,2,No
33,Travel_Rarely,991,Sales,9,1,Medical,1,556,3,Male,35,1,1,Laboratory Technician,1,Married,10902,11843,0,Y,Yes,24,3,2,80,0,3,5,2,12,12,0,2,No
32,Travel_Rarely,171,Sales,16,3,Medical,1,557,1,Male,80,1,1,Sales Representative,1,Married,4196,24777,0,Y,Yes,20,3,2,80,1,4,1,2,4,4,0,5,No
32,Travel_Rarely,726,Sales,19,5,Other,1,558,4,Male,64,1,5,Sales Executive,2,Married,6028,6595,2,Y,No,21,4,4,80,1,0,1,1,0,14,4,8,Yes
40,Travel_Rarely,976,Research & Development,18,3,Marketing,1,559,2,Male,82,1,4,Laboratory Technician,1,Single,11199,25517,4,Y,Yes,12,3,1,80,1,6,3,4,4,0,1,1,No
33,Travel_Rarely,1237,Research & Development,9,4,Life Sciences,1,560,1,Female,48,2,1,Research Scientist,3,Married,4676,21251,5,Y,No,23,3,2,80,0,19,1,1,0,4,1,0,No
39,Travel_Rarely,1489,Research & Development,16,2,Life Sciences,1,561,3,Male,98,2,2,Sales Executive,3,Divorced,2939,21263,4,Y,Yes,11,3,4,80,2,5,6,4,1,8,2,2,No
55,Travel_Rarely,1428,Research & Development,13,2,Other,1,562,3,Male,54,1,4,Sales Executive,3,Single,9829,25418,4,Y,No,11,4,3,80,3,3,4,4,9,8,4,0,No
44,Non-Travel,572,Research & Development,10,1,Life Sciences,1,563,2,Male,40,3,3,Laboratory Technician,2,Single,1009,3800,8,Y,No,14,3,1,80,0,19,1,2,22,6,0,6,No
33,Travel_Frequently,192,Human Resources,25,5,Other,1,564,1,Female,46,4,3,Sales Executive,4,Married,4743,21079,1,Y,No,12,3,4,80,0,20,3,3,17,2,2,3,No
47,Travel_Rarely,631,Research & Development,20,1,Life Sciences,1,565,3,Male,65,2,4,Sales Executive,2,Divorced,7037,10660,0,Y,No,16,3,3,80,0,7,3,2,3,0,0,2,No
33,Travel_Rarely,762,Research & Development,14,4,Life Sciences,1,566,1,Female,50,2,5,Research Scientist,3,Single,8986,3706,5,Y,No,22,3,2,80,0,15,3,1,12,3,0,4,No
18,Travel_Rarely,840,Research & Development,12,3,Life Sciences,1,567,3,Male,47,3,1,Sales Executive,3,Divorced,10366,18932,8,Y,No,22,4,2,80,1,4,6,3,4,7,1,0,No
27,Travel_Rarely,827,Sales,25,3,Marketing,1,568,2,Male,89,2,1,Research Scientist,4,Divorced,11099,6391,6,Y,No,19,4,3,80,2,8,5,3,1,10,0,2,No
19,Travel_Rarely,973,Sales,19,5,Life Sciences,1,569,2,Male,47,3,4,Sales Executive,2,Single,5078,19953,7,Y,No,20,3,4,80,0,0,4,1,6,4,5,1,No
33,Travel_Rarely,293,Research & Development,7,1,Technical Degree,1,570,1,Female,30,3,2,Research Scientist,3,Single,11000,17640,4,Y,No,21,3,2,80,1,14,6,1,0,3,0,0,Yes
37,Travel_Rarely,1367,Sales,23,1,Life Sciences,1,571,4,Female,43,1,5,Manager,1,Married,8878,18061,9,Y,No,24,3,2,80,1,10,0,2,0,4,1,4,No
52,Travel_Rarely,239,Research & Development,15,4,Marketing,1,572,4,Male,37,2,2,Manufacturing Director,1,Divorced,9889,11139,3,Y,No,20,3,4,80,0,6,2,1,12,4,4,13,No
39,Travel_Rarely,446,Research & Development,16,3,Technical Degree,1,573,2,Male,95,4,4,Laboratory Technician,3,Married,3521,3485,5,Y,No,18,3,4,80,1,10,1,4,15,8,3,4,No
34,Non-Travel,1305,Research & Development,27,1,Technical Degree,1,574,3,Female,80,3,4,Sales Executive,1,Married,9626,12673,2,Y,No,14,3,3,80,1,9,5,4,0,2,0,1,No
44,Non-Travel,1110,Research & Development,8,5,Technical Degree,1,575,4,Male,89,4,2,Manufacturing Director,4,Single,5782,10547,0,Y,No,23,3,2,80,2,4,0,3,15,3,0,4,No
18,Travel_Frequently,604,Sales,10,3,Life Sciences,1,576,2,Male,63,1,3,Sales Executive,3,Married,6724,10102,3,Y,No,22,4,4,80,0,14,3,2,14,5,3,0,No
39,Travel_Rarely,304,Research & Development,4,4,Life Sciences,1,577,3,Male,65,2,4,Sales Executive,2,Married,7276,18042,8,Y,Yes,12,3,1,80,1,8,0,2,4,1,4,1,Yes
43,Travel_Frequently,674,Research & Development,19,5,Other,1,578,3,Male,91,1,5,Manufacturing Director,3,Married,16431,7519,3,Y,No,11,3,3,80,0,10,6,3,9,0,6,2,No
23,Travel_Rarely,293,Human Resources,19,2,Life Sciences,1,579,4,Male,30,1,2,Research Director,4,Married,2200,16251,0,Y,No,17,3,3,80,0,0,0,1,18,9,4,2,No
47,Travel_Frequently,106,Research & Development,28,4,Life Sciences,1,580,2,Male,71,4,3,Laboratory Technician,2,Single,12089,19115,3,Y,No,20,3,3,80,0,10,4,2,14,4,4,3,Yes
39,Travel_Rarely,1362,Research & Development,21,5,Technical Degree,1,581,3,Male,30,4,2,Sales Executive,4,Married,13222,10450,6,Y,No,13,3,3,80,0,9,3,3,10,7,3,6,No
33,Travel_Frequently,412,Research & Development,27,1,Other,1,582,3,Female,83,3,3,Sales Representative,1,Single,10380,4899,2,Y,No,24,3,1,80,0,4,5,3,3,6,2,2,Yes
42,Travel_Rarely,650,Research & Development,15,2,Medical,1,583,1,Male,76,2,3,Sales Executive,1,Single,3983,17541,9,Y,Yes,16,3,3,80,0,15,5,4,4,0,1,3,Yes
57,Travel_Frequently,157,Sales,14,4,Technical Degree,1,584,1,Female,68,1,5,Sales Representative,1,Divorced,14473,3317,5,Y,No,15,3,3,80,1,0,3,3,11,1,3,0,Yes
38,Non-Travel,544,Research & Development,1,1,Medical,1,585,4,Male,59,3,4,Research Scientist,4,Single,4939,5436,0,Y,No,15,3,4,80,1,7,1,1,10,4,1,0,No
39,Travel_Rarely,1362,Research & Development,16,2,Medical,1,586,1,Female,36,3,3,Research Scientist,4,Married,9729,26720,3,Y,Yes,22,4,2,80,0,13,5,1,14,3,4,4,No
32,Travel_Rarely,971,Research & Development,10,3,Marketing,1,587,2,Male,51,1,4,Laboratory Technician,3,Single,7068,18966,2,Y,Yes,12,3,3,80,0,27,5,1,0,5,4,8,No
29,Non-Travel,1322,Research & Development,19,1,Life Sciences,1,588,4,Female,79,1,5,Research Director,2,Single,4764,23620,0,Y,No,24,4,4,80,1,0,1,1,9,4,3,3,No
44,Travel_Rarely,686,Research & Development,22,5,Life Sciences,1,589,4,Male,74,3,4,Sales Representative,2,Married,9069,10950,2,Y,No,19,4,4,80,0,11,1,3,11,7,0,3,No
29,Travel_Frequently,853,Research & Development,3,4,Human Resources,1,590,1,Female,39,1,1,Laboratory Technician,4,Single,15333,19724,3,Y,No,21,4,2,80,0,15,6,2,5,4,1,0,No
37,Travel_Rarely,461,Research & Development,5,2,Technical Degree,1,591,3,Male,43,1,3,Healthcare Representative,4,Single,7704,8155,4,Y,No,14,4,4,80,1,11,5,3,21,4,5,1,No
32,Travel_Rarely,920,Sales,9,1,Technical Degree,1,592,2,Male,75,4,5,Laboratory Technician,1,Divorced,15798,15626,5,Y,No,20,3,4,80,0,1,5,2,1,0,0,4,Yes
41,Travel_Rarely,131,Research & Development,18,3,Other,1,593,2,Female,35,2,2,Healthcare Representative,4,Single,5638,21188,1,Y,Yes,11,4,3,80,0,7,5,2,6,2,2,8,No
39,Travel_Rarely,209,Sales,11,4,Marketing,1,594,2,Male,50,3,5,Manager,1,Single,6863,22839,1,Y,No,12,3,3,80,0,0,1,2,11,2,4,4,Yes
46,Travel_Frequently,945,Sales,16,4,Life Sciences,1,595,4,Male,91,1,3,Sales Executive,4,Divorced,1009,22430,5,Y,Yes,19,3,4,80,0,11,5,4,12,2,3,3,No
32,Travel_Rarely,818,Research & Development,2,1,Life Sciences,1,596,2,Female,48,3,5,Research Scientist,2,Single,3878,2974,4,Y,No,17,3,1,80,3,0,0,1,5,2,8,5,No
34,Travel_Rarely,992,Research & Development,12,3,Other,1,597,3,Male,91,2,2,Research Director,3,Married,5473,18912,0,Y,No,20,3,2,80,0,14,0,4,5,6,0,0,Yes
27,Travel_Rarely,1061,Research & Development,22,2,Other,1,598,3,Male,82,3,1,Research Director,4,Single,4953,8218,2,Y,No,12,3,4,80,1,6,1,3,11,10,0,0,No
32,Travel_Rarely,994,Sales,6,1,Life Sciences,1,599,1,Female,53,3,3,Sales Executive,1,Single,1986,26582,4,Y,No,17,3,4,80,1,5,1,4,9,0,2,3,Yes
40,Travel_Frequently,833,Research & Development,11,2,Life Sciences,1,600,2,Male,85,3,3,Sales Executive,3,Married,2919,7278,1,Y,No,24,3,1,80,0,12,1,2,7,3,5,0,Yes
43,Non-Travel,707,Research & Development,27,4,Life Sciences,1,601,4,Female,91,4,5,Human Resources,1,Divorced,5153,20462,0,Y,No,14,3,2,80,0,13,2,3,0,1,2,6,No
28,Travel_Rarely,558,Research & Development,8,2,Other,1,602,1,Male,63,2,4,Laboratory Technician,1,Single,12076,15317,8,Y,Yes,20,3,4,80,2,18,1,1,7,0,6,7,No
44,Travel_Frequently,716,Research & Development,12,3,Marketing,1,603,3,Female,51,2,4,Laboratory Technician,3,Married,1009,12078,4,Y,Yes,12,3,4,80,2,9,6,2,16,2,0,3,Yes
49,Travel_Frequently,799,Research & Development,27,5,Medical,1,604,2,Male,97,3,2,Sales Executive,3,Single,1009,4892,1,Y,No,22,3,3,80,0,10,2,1,10,0,1,6,No
40,Travel_Rarely,775,Research & Development,2,3,Life Sciences,1,605,3,Female,86,3,1,Sales Representative,3,Single,1009,9697,9,Y,No,14,3,4,80,0,0,1,4,2,5,4,9,No
53,Non-Travel,1372,Research & Development,9,2,Other,1,606,1,Male,39,2,1,Research Scientist,4,Divorced,2517,15377,3,Y,No,15,3,1,80,1,22,3,1,0,3,1,5,Yes
29,Travel_Rarely,644,Sales,15,1,Medical,1,607,3,Male,95,1,5,Sales Executive,3,Single,9493,13798,2,Y,Yes,23,3,4,80,0,4,4,3,12,3,5,7,No
25,Travel_Rarely,958,Research & Development,2,4,Other,1,608,2,Female,37,4,5,Research Scientist,4,Divorced,4825,15414,6,Y,No,24,3,2,80,0,16,5,2,4,5,4,3,No
20,Travel_Frequently,998,Research & Development,1,5,Life Sciences,1,609,2,Male,67,2,4,Research Director,2,Single,4761,3587,0,Y,No,14,3,2,80,0,17,5,1,15,0,0,7,No
50,Travel_Rarely,379,Research & Development,10,1,Medical,1,610,1,Female,91,3,1,Healthcare Representative,2,Divorced,4655,21157,9,Y,No,13,3,1,80,0,14,0,4,15,0,3,3,Yes
42,Travel_Frequently,653,Sales,2,1,Human Resources,1,611,2,Female,57,1,1,Healthcare Representative,1,Married,1009,17801,3,Y,No,16,3,4,80,0,9,3,3,6,5,0,1,No
36,Travel_Frequently,212,Research & Development,12,3,Life Sciences,1,612,3,Male,39,1,1,Research Scientist,1,Divorced,10548,20103,6,Y,No,11,3,4,80,1,8,4,2,8,0,0,6,No
39,Travel_Rarely,486,Research & Development,23,2,Life Sciences,1,613,3,Female,74,1,2,Sales Representative,4,Single,12659,21495,9,Y,No,18,4,4,80,1,10,5,4,9,0,0,4,No
26,Travel_Frequently,862,Research & Development,8,3,Life Sciences,1,614,4,Male,94,4,2,Manager,1,Married,4923,20325,4,Y,Yes,22,3,4,80,1,0,5,2,0,9,1,6,Yes
59,Travel_Rarely,1316,Sales,5,2,Other,1,615,4,Male,96,4,5,Healthcare Representative,2,Married,6901,5340,3,Y,Yes,15,3,4,80,0,11,2,1,17,5,2,1,Yes
38,Travel_Rarely,795,Human Resources,22,3,Life Sciences,1,616,4,Male,38,2,4,Human Resources,4,Married,7057,18019,3,Y,Yes,18,3,2,80,0,22,0,4,10,7,1,5,Yes
37,Travel_Rarely,506,Research & Development,28,1,Life Sciences,1,617,3,Female,34,2,3,Research Scientist,4,Divorced,1481,3410,1,Y,No,20,3,3,80,1,9,2,4,7,1,0,7,No
43,Non-Travel,1460,Research & Development,1,4,Life Sciences,1,618,3,Male,39,2,4,Manufacturing Director,3,Married,4425,20428,7,Y,Yes,14,4,2,80,0,11,6,1,13,0,5,2,Yes
41,Travel_Rarely,1334,Sales,15,2,Human Resources,1,619,1,Female,41,2,2,Sales Representative,4,Divorced,14893,18701,3,Y,No,14,3,3,80,0,3,6,4,8,5,0,6,No
38,Travel_Rarely,123,Research & Development,6,5,Medical,1,620,4,Male,87,3,2,Manager,1,Married,6481,4120,1,Y,No,15,3,2,80,0,12,2,4,0,0,2,9,Yes
29,Travel_Rarely,779,Research & Development,12,5,Medical,1,621,3,Female,50,4,5,Laboratory Technician,2,Married,7550,3641,8,Y,No,15,3,1,80,0,5,0,4,2,7,0,1,No
41,Travel_Frequently,712,Sales,8,1,Marketing,1,622,1,Male,50,1,3,Sales Executive,1,Divorced,3239,17383,9,Y,No,21,3,4,80,2,17,4,1,0,5,2,5,Yes
54,Travel_Rarely,1333,Sales,13,3,Life Sciences,1,623,3,Female,94,3,1,Manufacturing Director,2,Single,4479,5872,6,Y,Yes,16,3,3,80,1,20,0,1,7,4,1,10,No
49,Travel_Rarely,109,Research & Development,19,3,Marketing,1,624,1,Male,32,2,3,Laboratory Technician,3,Married,9537,18212,2,Y,Yes,15,3,2,80,0,21,1,2,10,4,3,0,No
51,Travel_Rarely,803,Sales,27,1,Other,1,625,4,Male,98,2,3,Sales Executive,2,Divorced,2553,8605,6,Y,Yes,15,3,3,80,1,0,2,1,5,11,3,5,No
32,Travel_Rarely,630,Sales,1,5,Life Sciences,1,626,4,Male,93,3,3,Sales Representative,3,Married,14113,24263,0,Y,No,23,4,4,80,0,16,1,4,0,6,5,6,No
27,Travel_Frequently,703,Research & Development,11,5,Marketing,1,627,4,Female,78,1,5,Research Scientist,1,Single,1009,9851,0,Y,No,18,3,1,80,0,16,0,1,3,3,4,4,Yes
35,Travel_Rarely,758,Research & Development,20,3,Marketing,1,628,3,Male,46,4,2,Research Scientist,3,Married,3524,22201,3,Y,Yes,16,3,4,80,0,8,0,4,4,4,2,12,Yes
37,Travel_Rarely,267,Sales,1,2,Marketing,1,629,3,Female,61,4,1,Manufacturing Director,4,Divorced,1009,3617,3,Y,No,12,3,2,80,1,20,5,4,12,1,5,5,Yes
46,Non-Travel,950,Research & Development,8,4,Life Sciences,1,630,1,Male,99,1,3,Laboratory Technician,4,Divorced,12724,20450,3,Y,No,14,3,2,80,0,14,6,4,15,2,0,8,No
21,Travel_Rarely,597,Sales,5,2,Human Resources,1,631,2,Female,50,4,1,Sales Executive,2,Divorced,6329,14814,8,Y,No,14,3,3,80,0,22,4,1,0,8,7,7,Yes
50,Non-Travel,691,Sales,17,5,Human Resources,1,632,2,Male,36,2,3,Research Scientist,1,Married,5153,15668,5,Y,Yes,15,3,1,80,0,1,2,4,6,4,0,9,Yes
35,Travel_Rarely,530,Sales,8,2,Life Sciences,1,633,4,Male,36,2,2,Sales Executive,1,Married,8368,23082,2,Y,No,16,3,1,80,0,5,6,2,3,6,0,4,Yes
33,Travel_Frequently,875,Research & Development,25,4,Life Sciences,1,634,2,Male,56,2,1,Sales Executive,2,Single,13075,14889,5,Y,No,21,3,2,80,1,12,3,3,5,0,0,0,No
27,Travel_Rarely,264,Sales,10,2,Life Sciences,1,635,4,Male,37,2,4,Sales Executive,4,Single,7515,19094,1,Y,No,15,3,3,80,1,20,0,3,12,7,0,6,No
21,Travel_Rarely,467,Sales,2,2,Human Resources,1,636,1,Male,57,1,2,Sales Executive,3,Single,11870,22993,1,Y,No,24,3,4,80,1,14,5,2,3,3,1,0,Yes
44,Travel_Frequently,1364,Research & Development,9,2,Other,1,637,2,Female,95,4,1,Research Scientist,2,Single,5119,23669,6,Y,No,24,3,4,80,1,3,3,3,11,5,1,2,Yes
37,Travel_Frequently,173,Research & Development,24,2,Life Sciences,1,638,2,Female,76,4,3,Laboratory Technician,3,Divorced,1981,24252,2,Y,Yes,21,3,2,80,2,25,2,2,19,4,7,2,No
25,Travel_Frequently,756,Sales,23,1,Life Sciences,1,639,4,Female,39,3,3,Research Director,3,Divorced,7591,17956,6,Y,No,16,3,2,80,0,9,1,1,4,4,4,2,No
25,Travel_Rarely,370,Research & Development,3,5,Life Sciences,1,640,1,Male,62,1,2,Laboratory Technician,1,Married,3222,21099,2,Y,No,18,3,4,80,0,4,2,3,5,3,5,8,No
33,Travel_Frequently,516,Sales,18,4,Medical,1,641,2,Male,36,4,2,Healthcare Representative,4,Divorced,9737,14527,1,Y,No,14,4,4,80,0,5,6,2,5,8,2,4,No
52,Travel_Frequently,1370,Research & Development,7,5,Other,1,642,2,Female,32,4,3,Research Scientist,3,Divorced,4576,20571,3,Y,No,21,3,4,80,0,0,4,2,21,0,0,11,No
34,Travel_Rarely,1117,Research & Development,15,1,Human Resources,1,643,2,Male,43,3,1,Healthcare Representative,4,Married,6102,21654,3,Y,No,13,3,3,80,0,0,3,4,3,6,9,3,No
23,Travel_Frequently,776,Research & Development,21,1,Medical,1,644,1,Female,73,2,4,Manufacturing Director,1,Married,1009,9578,2,Y,No,19,3,1,80,0,10,5,1,15,1,1,0,No
34,Travel_Frequently,1185,Research & Development,22,1,Marketing,1,645,1,Male,75,4,5,Laboratory Technician,2,Single,5913,14502,8,Y,No,13,3,2,80,0,0,6,2,6,0,4,1,No
34,Travel_Rarely,107,Research & Development,20,1,Life Sciences,1,646,2,Female,90,2,2,Sales Executive,2,Married,5359,22048,5,Y,No,21,4,2,80,1,13,3,3,8,11,0,7,Yes
18,Travel_Rarely,1083,Sales,18,2,Life Sciences,1,647,4,Male,65,3,3,Research Scientist,1,Single,11965,19544,4,Y,No,18,3,3,80,2,18,1,4,12,0,0,0,No
36,Travel_Rarely,671,Research & Development,25,5,Other,1,648,4,Female,42,4,1,Manufacturing Director,1,Married,10589,20624,5,Y,No,20,3,4,80,0,14,6,4,4,0,6,2,No
34,Travel_Rarely,508,Sales,3,3,Life Sciences,1,649,2,Male,45,2,2,Laboratory Technician,3,Divorced,6613,2799,7,Y,No,22,3,3,80,0,11,5,4,12,7,3,7,No
43,Travel_Rarely,1342,Research & Development,28,4,Life Sciences,1,650,1,Female,34,1,1,Sales Representative,1,Married,1009,20836,4,Y,No,15,3,4,80,1,0,1,1,5,2,1,2,Yes
53,Travel_Rarely,127,Human Resources,23,1,Human Resources,1,651,2,Male,67,2,2,Research Scientist,2,Single,4430,15619,3,Y,Yes,19,3,2,80,0,17,0,2,0,8,1,2,No
47,Travel_Rarely,1130,Human Resources,14,5,Other,1,652,1,Female,79,2,3,Sales Executive,4,Married,11970,22012,6,Y,No,13,3,1,80,0,26,6,1,13,0,0,8,No
34,Travel_Rarely,1087,Research & Development,24,1,Life Sciences,1,653,2,Female,67,2,1,Laboratory Technician,4,Married,5567,5906,4,Y,No,20,3,3,80,0,22,2,2,10,10,0,3,No
26,Travel_Rarely,491,Research & Development,2,1,Life Sciences,1,654,1,Male,85,2,3,Sales Representative,4,Single,1486,13746,3,Y,No,20,4,4,80,1,0,6,4,3,7,3,0,Yes
60,Travel_Frequently,811,Research & Development,14,1,Life Sciences,1,655,3,Male,92,1,1,Research Scientist,4,Single,11913,22246,4,Y,No,18,3,2,80,1,10,6,3,14,3,2,7,No
37,Non-Travel,672,Sales,22,1,Human Resources,1,656,4,Male,77,3,2,Manufacturing Director,1,Divorced,1009,24456,3,Y,No,24,3,1,80,1,9,4,3,0,0,4,8,No
37,Travel_Rarely,855,Research & Development,11,1,Life Sciences,1,657,3,Male,88,2,5,Research Scientist,1,Single,5969,4413,7,Y,No,23,3,3,80,0,8,0,1,9,0,0,4,No
36,Non-Travel,247,Research & Development,16,4,Life Sciences,1,658,4,Male,73,2,5,Laboratory Technician,4,Divorced,9122,10257,7,Y,No,23,3,3,80,0,11,2,4,0,1,2,2,Yes
38,Travel_Rarely,886,Research & Development,8,5,Medical,1,659,1,Male,84,4,4,Manager,1,Married,7092,23699,0,Y,No,17,3,2,80,0,28,1,2,4,6,4,0,No
35,Travel_Rarely,1374,Research & Development,7,1,Life Sciences,1,660,3,Male,84,4,4,Sales Representative,3,Married,1009,2303,2,Y,Yes,22,3,3,80,2,12,4,1,1,1,0,2,No
31,Travel_Rarely,627,Sales,11,1,Life Sciences,1,661,4,Female,30,1,3,Sales Executive,1,Single,2132,6928,3,Y,No,17,4,2,80,1,7,1,4,0,0,0,0,No
31,Travel_Rarely,114,Research & Development,3,1,Life Sciences,1,662,2,Female,37,1,1,Research Scientist,3,Married,3219,21285,1,Y,No,24,3,3,80,0,13,5,1,7,5,0,2,Yes
36,Travel_Frequently,1004,Research & Development,17,1,Life Sciences,1,663,1,Male,33,1,4,Manufacturing Director,3,Divorced,10187,14540,4,Y,Yes,21,3,1,80,1,1,1,3,9,7,6,6,No
31,Travel_Rarely,485,Sales,14,2,Life Sciences,1,664,1,Female,82,4,2,Sales Executive,1,Single,7301,6056,7,Y,No,20,3,1,80,0,5,3,4,10,12,2,6,No
30,Travel_Rarely,657,Research & Development,6,2,Life Sciences,1,665,2,Female,87,2,5,Healthcare Representative,4,Single,4678,15122,1,Y,No,19,3,3,80,3,18,2,1,7,0,2,4,No
37,Travel_Rarely,988,Research & Development,8,3,Marketing,1,666,2,Male,66,4,1,Laboratory Technician,3,Single,8421,20868,8,Y,No,22,3,2,80,1,12,0,2,9,0,5,5,No
34,Travel_Rarely,120,Research & Development,22,1,Life Sciences,1,667,4,Male,78,3,5,Research Scientist,1,Divorced,2974,23997,6,Y,No,18,3,4,80,0,27,6,3,0,0,1,3,No
50,Travel_Rarely,676,Research & Development,5,3,Marketing,1,668,1,Male,96,1,1,Manager,2,Married,9970,13811,5,Y,No,13,3,3,80,1,13,3,2,1,0,0,1,Yes
18,Travel_Rarely,852,Sales,27,4,Marketing,1,669,4,Female,48,1,4,Research Scientist,4,Single,8617,6888,7,Y,No,24,3,4,80,1,1,5,1,6,0,2,2,No
46,Travel_Rarely,1105,Research & Development,28,3,Other,1,670,2,Female,30,1,4,Human Resources,2,Married,5444,18323,1,Y,No,23,3,2,80,0,0,2,4,1,0,3,8,No
48,Travel_Frequently,520,Research & Development,8,5,Life Sciences,1,671,1,Male,58,3,3,Manager,3,Married,5737,4538,4,Y,No,16,4,4,80,1,19,5,3,7,2,0,0,No
18,Non-Travel,1462,Research & Development,2,2,Life Sciences,1,672,2,Female,62,2,1,Healthcare Representative,2,Divorced,4893,12869,3,Y,No,21,3,3,80,1,3,2,2,3,6,7,0,Yes
33,Travel_Rarely,520,Research & Development,15,2,Medical,1,673,4,Male,81,2,2,Sales Executive,1,Married,11180,10426,7,Y,No,16,3,1,80,0,2,2,2,6,6,0,2,No
33,Non-Travel,223,Sales,12,1,Medical,1,674,4,Male,70,2,4,Sales Representative,4,Single,7515,26961,0,Y,Yes,15,3,2,80,1,7,4,4,0,2,3,0,Yes
24,Travel_Rarely,533,Sales,17,1,Medical,1,675,4,Female,52,1,3,Manager,3,Single,5482,21342,2,Y,Yes,13,3,1,80,1,19,3,1,0,4,7,5,Yes
29,Travel_Rarely,145,Human Resources,1,4,Life Sciences,1,676,1,Female,34,2,4,Research Scientist,1,Married,1939,22655,9,Y,Yes,19,3,1,80,0,8,0,2,2,0,2,0,Yes
26,Travel_Rarely,1442,Research & Development,15,4,Technical Degree,1,677,2,Male,86,4,5,Research Scientist,4,Single,9270,4701,7,Y,No,17,3,1,80,0,4,3,1,0,2,0,8,Yes
52,Travel_Rarely,482,Research & Development,14,5,Life Sciences,1,678,2,Male,35,1,4,Research Scientist,3,Married,9050,22414,4,Y,No,14,3,3,80,1,20,5,1,0,0,6,11,No
45,Non-Travel,246,Sales,20,1,Life Sciences,1,679,4,Female,78,3,1,Human Resources,3,Married,4029,21395,3,Y,Yes,16,3,2,80,0,19,1,1,9,1,0,4,No
48,Travel_Rarely,1452,Research & Development,22,1,Life Sciences,1,680,4,Male,51,3,3,Sales Representative,3,Married,4525,20696,5,Y,Yes,15,3,4,80,2,24,5,4,12,10,4,1,No
43,Travel_Rarely,464,Research & Development,16,4,Life Sciences,1,681,4,Female,33,2,1,Research Director,3,Married,5950,20275,4,Y,No,11,3,1,80,0,21,2,1,12,4,3,7,No
26,Travel_Rarely,1175,Research & Development,9,4,Other,1,682,4,Male,93,1,2,Manager,2,Married,1077,11262,2,Y,No,12,3,4,80,0,19,1,3,6,2,2,3,No
32,Travel_Rarely,1190,Sales,1,4,Medical,1,683,3,Male,66,4,2,Laboratory Technician,2,Married,6846,4667,4,Y,Yes,11,3,2,80,0,5,3,4,5,5,0,1,Yes
41,Travel_Frequently,456,Research & Development,28,2,Marketing,1,684,3,Male,60,4,4,Sales Executive,2,Divorced,1009,21067,3,Y,Yes,19,3,2,80,1,16,0,2,7,2,3,4,Yes
25,Travel_Rarely,901,Research & Development,17,3,Technical Degree,1,685,3,Male,66,1,3,Sales Executive,3,Married,1009,5377,0,Y,Yes,19,4,4,80,1,20,1,4,3,10,4,0,No
43,Travel_Rarely,1289,Research & Development,13,3,Other,1,686,4,Female,74,2,3,Sales Executive,2,Divorced,4104,12085,0,Y,No,15,3,4,80,0,25,1,2,0,5,0,1,No
34,Travel_Rarely,1266,Research & Development,21,1,Medical,1,687,4,Male,37,3,3,Laboratory Technician,4,Married,3547,19939,6,Y,Yes,18,3,1,80,0,12,6,3,14,0,7,1,No
33,Travel_Rarely,927,Research & Development,26,2,Life Sciences,1,688,2,Male,69,3,3,Research Director,3,Single,8621,22895,3,Y,No,20,3,4,80,1,7,4,1,7,8,0,3,No
43,Travel_Rarely,1253,Research & Development,21,4,Other,1,689,1,Male,34,4,4,Human Resources,4,Single,7830,2807,0,Y,No,14,3,4,80,0,4,3,1,6,6,8,0,No
40,Travel_Rarely,499,Research & Development,5,1,Life Sciences,1,690,2,Male,57,4,1,Research Scientist,4,Divorced,12970,20901,5,Y,No,11,3,3,80,0,18,1,1,5,5,4,0,Yes
33,Travel_Rarely,981,Sales,10,2,Life Sciences,1,691,3,Female,38,4,4,Healthcare Representative,2,Divorced,6936,25698,0,Y,Yes,23,3,1,80,0,6,3,1,10,7,2,2,No
47,Travel_Frequently,564,Research & Development,6,5,Life Sciences,1,692,2,Female,31,3,1,Laboratory Technician,3,Married,7468,3984,7,Y,No,23,3,1,80,0,12,0,4,6,6,2,5,No
27,Travel_Frequently,909,Sales,24,2,Other,1,693,4,Male,92,4,5,Laboratory Technician,2,Married,1033,22045,8,Y,No,14,4,2,80,0,4,1,3,4,6,5,4,No
42,Travel_Frequently,288,Research & Development,19,1,Other,1,694,3,Female,80,3,5,Manufacturing Director,2,Single,1043,7469,2,Y,No,17,3,4,80,0,10,0,2,4,3,7,9,No
42,Travel_Rarely,833,Research & Development,25,3,Technical Degree,1,695,3,Female,60,3,1,Research Scientist,2,Married,6802,17673,6,Y,No,21,3,3,80,0,14,5,4,7,7,0,0,No
34,Travel_Rarely,1315,Research & Development,13,4,Life Sciences,1,696,1,Female,36,2,4,Research Director,3,Divorced,6884,11964,4,Y,No,12,4,2,80,1,13,1,1,0,3,0,7,Yes
39,Travel_Rarely,530,Research & Development,1,5,Human Resources,1,697,1,Male,59,2,2,Healthcare Representative,3,Divorced,7861,20625,2,Y,No,12,3,3,80,0,17,6,1,15,8,7,7,Yes
25,Travel_Frequently,959,Sales,20,2,Medical,1,698,3,Male,87,2,4,Healthcare Representative,2,Single,12467,11203,4,Y,Yes,16,3,1,80,1,0,2,1,3,5,0,4,No
45,Travel_Rarely,1409,Research & Development,25,1,Other,1,699,3,Male,32,4,2,Research Scientist,4,Single,1251,12810,9,Y,No,19,3,4,80,1,10,4,2,2,4,2,4,No
35,Travel_Rarely,338,Research & Development,15,1,Medical,1,700,2,Female,80,3,4,Sales Executive,4,Married,14442,20284,6,Y,No,13,3,3,80,0,7,4,2,4,6,0,5,No
32,Travel_Rarely,1319,Sales,14,4,Life Sciences,1,701,3,Female,85,4,3,Research Scientist,3,Married,1009,17911,6,Y,No,17,3,2,80,1,3,4,4,12,4,4,0,Yes
46,Travel_Rarely,1412,Research & Development,8,1,Marketing,1,702,4,Male,39,3,3,Healthcare Representative,1,Married,8252,6145,8,Y,Yes,20,3,1,80,0,5,0,3,5,8,0,7,Yes
30,Travel_Rarely,872,Sales,10,1,Other,1,703,2,Male,90,2,5,Research Director,2,Married,1009,10845,7,Y,Yes,24,3,3,80,0,4,3,2,14,7,4,4,Yes
24,Travel_Rarely,859,Research & Development,9,4,Human Resources,1,704,4,Male,79,2,5,Laboratory Technician,2,Single,9903,15734,3,Y,No,19,3,3,80,2,14,6,4,4,4,5,0,Yes
22,Travel_Frequently,237,Research & Development,17,5,Medical,1,705,4,Male,76,4,1,Healthcare Representative,1,Married,1009,12197,4,Y,No,21,3,2,80,1,14,4,2,0,0,4,8,Yes
42,Travel_Rarely,893,Sales,9,3,Marketing,1,706,4,Female,30,3,2,Laboratory Technician,3,Married,1009,5856,4,Y,No,23,3,3,80,2,18,5,4,1,7,0,3,No
25,Travel_Rarely,272,Human Resources,3,3,Marketing,1,707,3,Male,86,4,3,Research Scientist,4,Divorced,7185,13837,9,Y,No,19,3,1,80,1,13,1,1,2,5,0,4,No
52,Travel_Rarely,260,Sales,11,2,Life Sciences,1,708,1,Male,67,1,4,Healthcare Representative,3,Divorced,5912,12181,1,Y,No,21,3,3,80,0,12,1,2,10,12,0,0,No
18,Travel_Rarely,302,Sales,12,5,Life Sciences,1,709,1,Female,91,4,1,Manager,4,Married,11698,14216,6,Y,No,14,3,4,80,0,11,2,1,4,0,4,3,No
52,Travel_Rarely,1063,Sales,10,2,Other,1,710,4,Male,99,2,4,Sales Executive,4,Divorced,6865,17935,6,Y,Yes,12,3,4,80,0,16,0,3,0,3,2,8,No
38,Travel_Rarely,684,Research & Development,25,3,Other,1,711,3,Female,94,3,3,Research Scientist,3,Married,2999,26718,8,Y,No,11,3,2,80,2,0,1,1,0,0,5,1,Yes
36,Travel_Rarely,977,Research & Development,17,4,Life Sciences,1,712,2,Male,91,3,3,Laboratory Technician,2,Divorced,3962,12136,8,Y,No,16,3,4,80,2,10,1,3,0,1,1,0,No
31,Travel_Frequently,472,Research & Development,17,1,Technical Degree,1,713,4,Male,85,4,3,Sales Executive,2,Single,19999,25388,3,Y,No,15,3,4,80,1,13,6,2,23,9,1,5,No
40,Travel_Rarely,204,Sales,25,3,Other,1,714,2,Male,96,2,3,Research Director,2,Divorced,2389,8267,4,Y,Yes,16,3,3,80,0,25,2,3,2,0,7,0,Yes
36,Travel_Rarely,1103,Sales,11,5,Human Resources,1,715,2,Female,46,1,4,Laboratory Technician,4,Single,8965,20610,6,Y,Yes,17,3,1,80,0,2,2,1,9,0,0,6,Yes
46,Travel_Frequently,1250,Research & Development,22,3,Marketing,1,716,3,Male,37,4,1,Sales Executive,2,Single,8390,9026,9,Y,Yes,19,4,1,80,1,2,3,2,0,6,4,3,No
37,Travel_Rarely,1438,Research & Development,4,5,Other,1,717,3,Male,89,3,3,Sales Executive,4,Married,9074,20003,6,Y,No,20,3,3,80,2,0,3,4,14,4,4,4,No
38,Travel_Rarely,1077,Research & Development,7,5,Technical Degree,1,718,1,Female,69,2,5,Research Director,2,Married,8691,18806,9,Y,No,20,3,4,80,0,0,3,2,1,3,9,12,Yes
33,Travel_Rarely,899,Sales,21,5,Other,1,719,1,Male,91,3,1,Healthcare Representative,3,Single,5242,4751,7,Y,Yes,21,3,3,80,0,10,1,4,18,0,7,5,No
36,Travel_Rarely,1355,Research & Development,26,2,Technical Degree,1,720,3,Male,70,3,5,Healthcare Representative,1,Married,1009,10873,7,Y,Yes,16,3,4,80,0,5,2,1,19,8,3,0,Yes
39,Travel_Frequently,759,Research & Development,14,4,Life Sciences,1,721,4,Male,41,3,4,Sales Executive,4,Divorced,7231,24450,1,Y,Yes,16,4,4,80,0,5,5,2,0,3,4,4,No
21,Travel_Rarely,983,Research & Development,7,3,Life Sciences,1,722,1,Male,83,3,3,Sales Representative,3,Single,6439,23846,8,Y,No,23,4,4,80,1,11,0,4,14,0,6,6,No
24,Travel_Frequently,1322,Research & Development,24,4,Other,1,723,2,Female,40,1,1,Laboratory Technician,4,Married,7082,24449,3,Y,Yes,13,3,1,80,1,15,3,1,18,5,0,0,No
43,Travel_Frequently,834,Sales,8,1,Other,1,724,4,Female,89,2,3,Manufacturing Director,4,Married,9156,21683,0,Y,No,23,3,2,80,1,11,5,3,0,8,7,4,No
38,Travel_Rarely,524,Research & Development,1,3,Other,1,725,2,Female,97,4,3,Research Director,3,Married,4555,8927,0,Y,No,18,3,1,80,0,11,4,4,0,3,2,0,No
35,Non-Travel,673,Research & Development,24,4,Other,1,726,3,Female,75,2,1,Sales Executive,2,Married,3584,24619,4,Y,No,19,3,4,80,0,14,1,3,0,1,4,4,Yes
37,Travel_Rarely,272,Research & Development,22,4,Life Sciences,1,727,2,Male,67,2,3,Laboratory Technician,4,Married,10733,26010,6,Y,No,11,3,3,80,0,0,0,2,1,4,3,9,No
40,Non-Travel,274,Research & Development,4,1,Technical Degree,1,728,4,Female,90,2,3,Sales Executive,1,Divorced,4954,10001,4,Y,No,16,3,3,80,1,12,1,4,0,5,0,2,No
31,Travel_Rarely,764,Research & Development,12,5,Other,1,729,3,Male,46,4,2,Laboratory Technician,1,Married,4179,3692,2,Y,No,17,3,4,80,1,10,5,1,4,5,0,4,No
29,Travel_Rarely,554,Research & Development,24,3,Life Sciences,1,730,4,Male,95,2,2,Research Scientist,3,Divorced,3772,5945,6,Y,No,21,3,2,80,0,11,3,1,0,3,0,5,No
38,Travel_Rarely,451,Sales,3,3,Medical,1,731,2,Male,65,4,1,Research Director,1,Married,9294,9676,0,Y,No,18,3,1,80,0,6,5,3,11,8,2,5,No
27,Travel_Rarely,595,Research & Development,13,1,Marketing,1,732,4,Male,36,4,1,Research Scientist,3,Divorced,5514,13103,0,Y,No,22,3,1,80,0,9,5,1,7,1,0,4,No
40,Travel_Rarely,721,Research & Development,20,5,Human Resources,1,733,3,Female,45,1,3,Manufacturing Director,3,Single,16900,9917,1,Y,No,20,3,4,80,0,14,6,2,9,3,0,0,Yes
21,Travel_Rarely,1129,Research & Development,6,3,Other,1,734,2,Male,43,3,5,Sales Representative,4,Single,6770,6701,0,Y,No,21,3,4,80,1,23,1,2,13,3,0,4,Yes
46,Travel_Rarely,1218,Research & Development,11,3,Life Sciences,1,735,2,Male,54,4,1,Human Resources,3,Married,1009,7601,8,Y,No,18,3,2,80,1,0,3,3,8,0,1,1,No
41,Travel_Rarely,1020,Sales,23,3,Other,1,736,1,Male,33,3,3,Laboratory Technician,3,Divorced,4446,8028,3,Y,No,17,3,1,80,0,15,1,4,5,5,6,0,No
39,Travel_Frequently,107,Research & Development,4,5,Other,1,737,1,Male,58,2,5,Laboratory Technician,2,Single,9580,11297,6,Y,No,18,3,2,80,1,20,3,1,1,4,5,4,Yes
45,Travel_Rarely,389,Research & Development,20,1,Technical Degree,1,738,4,Male,85,3,2,Sales Executive,4,Divorced,3679,24046,4,Y,Yes,21,3,1,80,1,1,6,2,12,3,1,4,No
52,Non-Travel,1271,Sales,16,3,Life Sciences,1,739,1,Female,35,3,1,Sales Executive,1,Single,6419,6753,6,Y,No,19,3,2,80,0,9,2,4,8,6,8,0,No
46,Travel_Frequently,709,Research & Development,7,4,Human Resources,1,740,1,Male,30,3,3,Manufacturing Director,2,Single,11098,6492,6,Y,No,20,3,2,80,0,13,2,2,8,3,3,2,No
20,Non-Travel,558,Sales,22,5,Other,1,741,1,Female,68,2,2,Sales Executive,2,Single,11805,8336,0,Y,No,17,3,2,80,1,26,6,2,3,9,4,8,Yes
25,Travel_Rarely,1327,Research & Development,11,2,Human Resources,1,742,1,Male,30,2,4,Research Scientist,4,Married,4035,12890,0,Y,No,13,3,3,80,1,28,6,4,8,5,0,0,No
31,Travel_Rarely,1337,Human Resources,24,1,Life Sciences,1,743,3,Male,92,4,2,Sales Executive,4,Divorced,5292,16471,2,Y,Yes,19,3,3,80,0,1,6,4,2,5,0,4,Yes
37,Travel_Rarely,1131,Research & Development,1,4,Technical Degree,1,744,3,Female,86,4,3,Manufacturing Director,2,Single,6955,8705,9,Y,No,11,3,3,80,1,8,6,1,8,1,5,0,No
41,Travel_Frequently,725,Research & Development,26,3,Technical Degree,1,745,1,Female,96,1,5,Laboratory Technician,4,Married,12808,16869,1,Y,No,24,3,1,80,0,12,2,3,5,0,4,10,No
30,Travel_Rarely,477,Human Resources,27,2,Human Resources,1,746,4,Male,94,2,4,Sales Executive,4,Single,1330,8806,6,Y,Yes,18,3,2,80,1,15,2,3,11,7,7,6,No
38,Travel_Rarely,548,Research & Development,7,1,Life Sciences,1,747,3,Female,94,1,4,Research Scientist,3,Married,8190,20501,2,Y,No,16,3,4,80,2,12,6,2,0,0,7,1,No
30,Travel_Rarely,936,Research & Development,12,5,Life Sciences,1,748,1,Female,50,2,4,Laboratory Technician,4,Single,6760,24654,6,Y,Yes,21,4,4,80,1,3,2,3,7,3,0,4,Yes
31,Non-Travel,1231,Research & Development,7,2,Medical,1,749,3,Female,59,3,1,Manufacturing Director,3,Married,2284,6601,8,Y,Yes,13,3,1,80,1,3,4,2,11,7,5,0,No
24,Travel_Rarely,912,Research & Development,27,2,Life Sciences,1,750,2,Female,62,1,3,Laboratory Technician,2,Married,12315,16031,0,Y,Yes,19,3,1,80,0,0,1,4,7,1,0,0,Yes
28,Travel_Rarely,1221,Sales,23,4,Life Sciences,1,751,3,Female,77,1,4,Manager,2,Married,11154,21663,2,Y,No,16,3,4,80,1,0,5,2,0,2,0,3,No
24,Travel_Rarely,1060,Research & Development,7,1,Life Sciences,1,752,3,Male,51,1,2,Sales Executive,1,Single,13729,14437,5,Y,No,17,3,2,80,1,0,6,1,2,0,3,1,Yes
28,Travel_Rarely,950,Sales,10,4,Other,1,753,4,Female,83,2,5,Sales Executive,4,Single,12046,26201,8,Y,Yes,21,3,3,80,1,20,2,2,14,0,4,4,Yes
46,Travel_Rarely,910,Research & Development,16,4,Other,1,754,3,Male,33,4,3,Sales Executive,2,Married,6547,16129,4,Y,No,12,4,1,80,1,16,4,2,6,1,3,0,No
28,Travel_Rarely,1080,Research & Development,26,3,Life Sciences,1,755,4,Female,84,1,2,Laboratory Technician,3,Divorced,9411,13627,2,Y,Yes,11,3,1,80,2,15,6,1,2,2,5,2,No
60,Travel_Rarely,517,Research & Development,8,5,Life Sciences,1,756,2,Male,73,4,1,Healthcare Representative,2,Divorced,8059,18673,7,Y,No,11,3,1,80,0,9,4,1,14,4,0,9,Yes
41,Travel_Frequently,827,Research & Development,9,2,Other,1,757,1,Male,41,2,4,Sales Executive,4,Divorced,2236,17532,4,Y,Yes,13,3,4,80,0,10,1,3,16,5,5,9,No
38,Travel_Rarely,555,Research & Development,9,1,Other,1,758,4,Male,81,1,2,Manufacturing Director,1,Divorced,1009,16062,5,Y,Yes,21,3,3,80,1,9,1,4,0,9,0,10,No
29,Travel_Frequently,1416,Research & Development,2,5,Life Sciences,1,759,3,Male,94,2,3,Laboratory Technician,1,Married,8234,19584,1,Y,Yes,13,4,2,80,1,0,3,4,3,2,9,12,No
43,Travel_Frequently,1318,Sales,13,5,Life Sciences,1,760,3,Male,94,4,2,Human Resources,2,Married,6953,21267,3,Y,No,18,3,2,80,2,16,3,1,4,6,4,2,No
31,Travel_Rarely,251,Sales,13,1,Technical Degree,1,761,4,Male,39,4,1,Healthcare Representative,1,Single,4918,12470,0,Y,No,17,3,4,80,1,17,2,4,10,1,7,0,No
38,Travel_Rarely,860,Sales,23,5,Human Resources,1,762,2,Female,47,1,5,Manufacturing Director,4,Married,6065,23262,3,Y,No,20,3,1,80,2,2,0,2,5,10,0,8,No
60,Travel_Rarely,880,Research & Development,23,3,Human Resources,1,763,1,Female,76,4,4,Laboratory Technician,4,Married,14816,2812,0,Y,Yes,18,4,4,80,1,2,3,4,7,4,0,0,No
36,Travel_Frequently,1074,Sales,4,5,Technical Degree,1,764,3,Male,95,3,3,Human Resources,1,Divorced,1009,9170,3,Y,No,11,3,4,80,0,14,0,1,6,3,1,11,No
47,Travel_Rarely,864,Research & Development,25,3,Life Sciences,1,765,2,Female,78,3,4,Human Resources,3,Single,9507,6089,1,Y,No,14,3,2,80,1,13,5,4,20,1,0,4,No
30,Travel_Rarely,1103,Research & Development,24,2,Medical,1,766,1,Male,51,1,4,Laboratory Technician,1,Married,10459,2399,5,Y,Yes,18,3,3,80,0,17,3,1,10,7,7,9,Yes
36,Travel_Rarely,1441,Sales,12,2,Other,1,767,1,Male,55,2,4,Laboratory Technician,1,Married,11048,23908,5,Y,Yes,20,3,2,80,0,22,5,3,5,4,2,3,No
53,Travel_Rarely,177,Research & Development,17,4,Medical,1,768,3,Female,38,2,2,Laboratory Technician,2,Married,1009,10673,7,Y,Yes,12,3,4,80,0,3,4,1,5,4,0,1,No
31,Travel_Rarely,700,Research & Development,2,3,Life Sciences,1,769,4,Female,50,2,2,Laboratory Technician,3,Single,5121,11010,8,Y,No,17,3,4,80,0,10,4,2,9,0,0,6,No
53,Travel_Rarely,1395,Sales,13,2,Medical,1,770,3,Male,92,3,5,Laboratory Technician,1,Divorced,4887,16271,7,Y,No,18,3,1,80,0,3,5,2,1,1,0,5,No
43,Travel_Frequently,326,Research & Development,18,5,Other,1,771,3,Male,35,4,1,Research Scientist,2,Single,7872,15296,0,Y,No,24,3,1,80,0,4,4,2,8,0,4,0,No
31,Travel_Rarely,214,Research & Development,28,1,Life Sciences,1,772,3,Male,43,3,3,Research Director,2,Divorced,1191,26664,2,Y,Yes,19,3,4,80,0,7,5,1,7,2,4,3,No
42,Travel_Rarely,352,Research & Development,28,1,Marketing,1,773,2,Male,62,4,2,Laboratory Technician,2,Divorced,8278,4690,5,Y,No,17,3,2,80,0,22,0,1,1,2,4,2,No
45,Travel_Rarely,1358,Research & Development,27,3,Life Sciences,1,774,4,Male,53,3,4,Manager,4,Married,2341,16935,0,Y,No,22,3,1,80,1,19,2,2,0,0,5,4,No
42,Travel_Frequently,942,Research & Development,15,4,Life Sciences,1,775,2,Female,80,2,1,Laboratory Technician,2,Married,5101,20913,7,Y,Yes,19,4,3,80,1,10,5,4,0,3,9,3,Yes
22,Travel_Rarely,815,Research & Development,8,5,Life Sciences,1,776,3,Female,31,2,3,Healthcare Representative,2,Married,12821,26848,5,Y,No,12,3,3,80,2,0,3,1,5,2,8,4,Yes
30,Travel_Frequently,1208,Sales,15,3,Life Sciences,1,777,4,Female,44,2,3,Research Scientist,4,Married,10458,17882,0,Y,No,21,3,4,80,1,14,3,4,12,1,0,4,No
34,Travel_Rarely,226,Research & Development,1,1,Life Sciences,1,778,1,Male,64,1,3,Manufacturing Director,4,Single,7081,20381,9,Y,Yes,11,3,3,80,0,14,0,3,4,1,9,2,No
36,Travel_Rarely,1300,Research & Development,20,3,Technical Degree,1,779,4,Female,65,1,3,Laboratory Technician,2,Divorced,1009,17977,1,Y,No,11,3,3,80,1,4,5,3,12,4,1,5,No
42,Travel_Rarely,1194,Sales,10,5,Other,1,780,3,Male,68,4,5,Research Scientist,1,Married,8062,11990,5,Y,No,21,3,1,80,0,17,4,3,4,1,2,1,No
38,Travel_Rarely,1172,Research & Development,12,2,Other,1,781,4,Male,33,1,3,Sales Representative,3,Single,8378,21861,9,Y,No,22,3,1,80,0,3,2,3,0,10,2,10,No
24,Travel_Rarely,985,Human Resources,5,5,Life Sciences,1,782,1,Male,93,3,1,Sales Executive,4,Married,1009,22653,7,Y,No,14,3,2,80,1,17,3,2,0,3,4,4,No
40,Travel_Rarely,1381,Research & Development,9,2,Medical,1,783,1,Female,35,3,2,Laboratory Technician,3,Single,8148,25659,4,Y,Yes,11,3,1,80,1,13,2,1,1,7,0,7,Yes
42,Travel_Frequently,131,Research & Development,23,2,Marketing,1,784,4,Female,86,4,1,Sales Executive,4,Single,1442,23020,0,Y,No,17,3,2,80,1,0,2,3,7,0,2,2,No
41,Travel_Rarely,382,Research & Development,8,2,Medical,1,785,1,Male,59,4,4,Sales Representative,2,Married,1009,15470,9,Y,No,18,3,1,80,1,8,1,2,6,3,3,2,Yes
46,Travel_Rarely,1025,Research & Development,16,3,Medical,1,786,2,Male,96,2,5,Research Scientist,4,Married,1226,23969,1,Y,No,13,3,4,80,0,12,2,3,5,0,0,7,No
44,Travel_Rarely,1362,Research & Development,14,1,Technical Degree,1,787,4,Male,44,1,5,Manufacturing Director,2,Married,1009,16932,3,Y,No,24,3,2,80,2,13,5,1,5,5,0,6,No
41,Travel_Rarely,1373,Research & Development,27,3,Technical Degree,1,788,1,Female,46,2,4,Sales Executive,3,Divorced,4584,14951,3,Y,No,11,3,4,80,1,19,6,3,13,3,0,3,Yes
36,Travel_Rarely,469,Research & Development,25,1,Medical,1,789,1,Male,47,1,1,Research Scientist,1,Divorced,1775,26765,6,Y,Yes,13,3,2,80,1,20,1,3,18,11,0,0,No
21,Travel_Rarely,596,Research & Development,13,5,Life Sciences,1,790,4,Male,48,1,1,Sales Representative,2,Single,11860,3377,1,Y,Yes,12,3,3,80,1,9,6,4,2,2,2,2,No
40,Travel_Rarely,1150,Research & Development,23,4,Medical,1,791,2,Female,98,4,4,Sales Executive,3,Single,4812,17014,6,Y,Yes,16,3,2,80,0,15,0,4,5,0,1,3,No
38,Travel_Rarely,819,Research & Development,21,5,Other,1,792,4,Male,53,2,3,Manufacturing Director,3,Married,3116,2341,6,Y,Yes,21,3,2,80,0,23,4,4,0,3,5,1,No
39,Travel_Rarely,1118,Human Resources,13,3,Medical,1,793,1,Male,77,2,3,Sales Executive,4,Married,1009,8736,6,Y,Yes,17,3,2,80,0,3,1,4,6,4,0,0,No
25,Travel_Rarely,1439,Research & Development,5,3,Marketing,1,794,4,Male,59,1,2,Research Scientist,2,Divorced,4488,19459,2,Y,No,19,3,2,80,0,6,6,3,5,1,1,7,No
27,Travel_Rarely,707,Sales,16,1,Medical,1,795,1,Female,44,1,1,Laboratory Technician,3,Married,12861,6457,5,Y,No,15,3,2,80,0,0,2,3,8,1,5,3,No
46,Travel_Rarely,476,Research & Development,26,3,Marketing,1,796,3,Male,76,4,1,Laboratory Technician,1,Single,13772,16045,5,Y,No,14,3,3,80,0,6,4,4,12,0,0,10,No
36,Non-Travel,740,Research & Development,11,2,Life Sciences,1,797,4,Female,73,3,4,Manufacturing Director,4,Married,4785,20043,3,Y,No,11,3,2,80,2,12,2,1,0,5,7,3,No
43,Travel_Rarely,1150,Sales,22,3,Life Sciences,1,798,4,Female,56,2,4,Manufacturing Director,4,Divorced,6173,20619,0,Y,No,21,3,4,80,2,0,2,2,5,6,0,4,No
37,Travel_Rarely,1459,Research & Development,5,1,Life Sciences,1,799,1,Male,93,2,3,Research Scientist,3,Divorced,9803,2829,8,Y,Yes,24,3,2,80,1,14,1,3,5,12,5,1,Yes
37,Travel_Rarely,1480,Research & Development,13,1,Technical Degree,1,800,1,Male,70,4,1,Research Scientist,2,Single,1679,12945,1,Y,No,16,3,2,80,0,7,0,4,7,3,4,9,Yes
45,Travel_Frequently,217,Research & Development,28,2,Marketing,1,801,1,Male,97,4,1,Sales Executive,4,Married,8234,16500,8,Y,No,21,3,4,80,0,10,6,2,15,4,7,3,Yes
32,Travel_Frequently,149,Sales,11,1,Medical,1,802,1,Male,34,2,5,Healthcare Representative,2,Single,17623,17022,7,Y,Yes,18,3,1,80,1,2,2,4,3,3,0,3,Yes
37,Travel_Rarely,200,Research & Development,25,4,Medical,1,803,4,Female,82,2,2,Manager,3,Married,10096,18926,0,Y,No,14,3,1,80,0,10,5,4,10,13,2,0,No
32,Non-Travel,506,Research & Development,19,5,Medical,1,804,1,Female,37,1,2,Sales Executive,3,Single,9946,9628,6,Y,Yes,11,4,3,80,1,24,1,1,17,6,0,5,No
32,Travel_Rarely,1339,Sales,3,3,Technical Degree,1,805,4,Male,51,3,3,Sales Executive,2,Divorced,12815,3929,9,Y,Yes,24,3,2,80,2,8,5,1,1,4,2,2,No
34,Travel_Rarely,786,Human Resources,15,4,Marketing,1,806,2,Male,36,2,1,Sales Executive,1,Married,10747,6809,2,Y,Yes,24,4,2,80,0,0,5,3,7,11,1,0,No
38,Travel_Frequently,1004,Research & Development,7,3,Medical,1,807,4,Male,51,4,5,Human Resources,4,Divorced,5311,2707,9,Y,No,15,3,1,80,1,20,6,4,7,3,7,3,No
32,Travel_Frequently,604,Sales,7,4,Medical,1,808,1,Male,75,1,1,Manager,3,Divorced,1009,24712,9,Y,No,20,3,2,80,0,15,2,2,0,16,3,6,Yes
48,Travel_Rarely,995,Research & Development,6,3,Life Sciences,1,809,1,Male,59,1,4,Research Scientist,1,Single,5872,24106,8,Y,No,15,3,3,80,1,12,6,3,10,10,2,10,No
28,Travel_Rarely,359,Research & Development,3,2,Medical,1,810,2,Male,45,4,3,Laboratory Technician,1,Married,1942,2970,4,Y,No,12,3,4,80,0,15,5,1,13,4,2,4,Yes
35,Travel_Rarely,945,Research & Development,13,1,Other,1,811,4,Female,34,4,2,Research Scientist,2,Divorced,5175,12861,2,Y,No,16,3,2,80,0,11,6,3,2,6,0,2,Yes
32,Travel_Rarely,222,Sales,7,1,Life Sciences,1,812,2,Male,96,1,1,Laboratory Technician,2,Married,2405,11419,7,Y,No,20,3,4,80,1,24,4,3,5,4,1,5,No
50,Travel_Frequently,911,Sales,5,2,Marketing,1,813,4,Male,52,4,3,Healthcare Representative,2,Married,4667,2765,2,Y,No,19,3,3,80,1,17,0,4,0,6,2,3,No
38,Travel_Rarely,1079,Sales,23,4,Other,1,814,1,Female,90,1,2,Laboratory Technician,1,Married,1009,3724,6,Y,Yes,24,4,1,80,1,7,2,2,13,2,8,4,Yes
46,Travel_Rarely,155,Research & Development,18,5,Human Resources,1,815,4,Male,34,4,1,Sales Representative,4,Married,3241,25917,6,Y,No,16,4,3,80,1,22,5,1,12,11,3,4,No
23,Travel_Rarely,1120,Research & Development,22,4,Life Sciences,1,816,1,Male,52,1,5,Laboratory Technician,2,Married,8405,2454,6,Y,Yes,18,3,3,80,1,25,0,3,1,1,0,5,Yes
39,Travel_Rarely,1456,Sales,8,1,Other,1,817,1,Male,54,2,3,Sales Executive,4,Married,9592,16807,0,Y,Yes,20,4,3,80,1,18,6,3,1,5,10,6,Yes
44,Travel_Rarely,885,Sales,17,5,Other,1,818,3,Male,37,2,1,Manufacturing Director,2,Single,8572,25851,4,Y,No,13,3,3,80,3,14,0,4,4,5,5,3,No
37,Travel_Rarely,342,Research & Development,20,3,Life Sciences,1,819,3,Female,50,4,2,Laboratory Technician,1,Single,4732,12678,0,Y,No,20,3,4,80,2,4,4,3,14,3,5,16,No
46,Non-Travel,584,Research & Development,27,5,Other,1,820,4,Female,31,3,2,Research Director,4,Single,7086,5995,6,Y,No,12,3,3,80,1,16,4,2,6,0,1,7,No
32,Travel_Frequently,1114,Research & Development,1,4,Life Sciences,1,821,1,Female,51,2,5,Research Scientist,4,Single,15636,19275,7,Y,No,14,3,3,80,1,14,3,4,7,5,4,0,No
49,Travel_Rarely,288,Human Resources,14,2,Life Sciences,1,822,2,Female,97,1,3,Research Scientist,1,Married,3112,20261,6,Y,No,22,4,3,80,1,11,0,1,7,5,3,2,No
57,Travel_Frequently,757,Research & Development,17,3,Life Sciences,1,823,1,Male,93,3,3,Manufacturing Director,4,Single,14043,16884,0,Y,No,19,3,3,80,0,16,2,3,15,3,0,4,No
33,Travel_Frequently,363,Sales,10,4,Life Sciences,1,824,2,Female,48,1,1,Laboratory Technician,1,Single,1009,25529,2,Y,No,19,4,4,80,0,11,4,3,4,3,3,6,No
32,Travel_Frequently,1054,Research & Development,12,3,Medical,1,825,4,Female,82,1,2,Research Scientist,1,Divorced,1009,18544,9,Y,No,13,4,3,80,1,15,2,4,6,4,0,10,No
50,Travel_Rarely,1489,Research & Development,16,5,Life Sciences,1,826,4,Male,81,2,2,Human Resources,3,Married,5807,24155,2,Y,No,22,3,1,80,1,19,0,3,14,8,3,1,No
51,Travel_Rarely,592,Research & Development,14,1,Medical,1,827,2,Male,76,4,5,Research Scientist,2,Divorced,6323,17408,6,Y,No,23,3,3,80,1,0,4,1,14,8,3,8,No
32,Travel_Rarely,532,Human Resources,27,4,Marketing,1,828,2,Male,83,4,5,Research Scientist,3,Divorced,1186,4184,3,Y,No,11,3,3,80,0,3,3,2,0,5,0,4,No
33,Travel_Rarely,340,Sales,16,2,Other,1,829,1,Male,73,1,3,Sales Representative,1,Single,4953,24548,2,Y,No,11,3,2,80,0,4,0,2,0,2,2,5,Yes
34,Travel_Rarely,405,Sales,8,5,Technical Degree,1,830,4,Male,36,2,2,Sales Executive,1,Single,8392,24410,5,Y,No,14,3,2,80,0,26,2,4,6,2,4,8,No
24,Travel_Rarely,399,Research & Development,23,4,Medical,1,831,1,Female,30,1,1,Sales Executive,4,Married,1918,13801,9,Y,No,14,3,2,80,0,16,3,3,10,3,0,0,No
28,Travel_Rarely,177,Sales,28,2,Medical,1,832,2,Female,92,3,4,Laboratory Technician,1,Divorced,11274,26903,5,Y,Yes,21,3,3,80,1,16,0,4,8,2,3,6,No
27,Travel_Frequently,1458,Sales,10,4,Life Sciences,1,833,3,Male,68,1,1,Sales Executive,1,Married,11788,3149,9,Y,No,22,4,1,80,2,20,4,4,3,0,6,10,No
29,Travel_Rarely,1100,Sales,17,5,Marketing,1,834,3,Male,48,2,5,Human Resources,1,Married,12351,8350,4,Y,No,20,3,1,80,0,3,5,4,18,1,4,0,Yes
36,Travel_Rarely,743,Sales,27,4,Marketing,1,835,3,Female,60,1,1,Laboratory Technician,2,Single,2232,16235,5,Y,No,16,3,2,80,1,0,0,4,0,6,1,4,Yes
39,Non-Travel,928,Research & Development,18,3,Life Sciences,1,836,2,Female,53,2,2,Laboratory Technician,3,Married,2844,14840,2,Y,No,15,3,2,80,0,10,1,4,0,1,6,6,Yes
51,Non-Travel,384,Sales,20,5,Life Sciences,1,837,1,Male,98,4,3,Sales Executive,3,Single,5687,5441,9,Y,Yes,16,3,3,80,3,18,2,3,14,4,4,0,Yes
27,Travel_Frequently,692,Research & Development,16,4,Life Sciences,1,838,4,Female,94,2,4,Research Scientist,2,Married,5220,11455,4,Y,No,20,3,1,80,2,9,4,2,4,4,1,5,Yes
45,Non-Travel,173,Research & Development,17,1,Medical,1,839,2,Female,62,3,3,Manufacturing Director,2,Divorced,4969,15762,8,Y,Yes,17,3,1,80,0,0,4,2,17,5,0,3,No
34,Travel_Rarely,1388,Research & Development,16,4,Other,1,840,3,Female,88,2,4,Laboratory Technician,2,Married,10052,6195,3,Y,No,17,3,2,80,3,4,1,2,5,1,4,9,No
36,Non-Travel,804,Sales,19,3,Medical,1,841,1,Male,62,3,4,Manager,3,Divorced,9374,9601,1,Y,No,20,3,1,80,1,2,5,3,4,0,5,1,No
43,Travel_Rarely,676,Research & Development,24,2,Life Sciences,1,842,4,Male,61,3,2,Research Scientist,3,Married,2389,17421,4,Y,No,24,3,2,80,0,6,3,3,10,1,5,3,Yes
26,Travel_Rarely,1101,Sales,24,2,Marketing,1,843,4,Female,88,1,2,Manufacturing Director,1,Married,1136,10779,2,Y,No,20,3,2,80,1,2,4,4,12,0,4,1,No
40,Travel_Rarely,993,Research & Development,8,2,Life Sciences,1,844,2,Male,70,3,5,Research Scientist,3,Divorced,1009,5273,2,Y,No,19,3,4,80,0,12,6,2,20,0,1,3,No
38,Travel_Rarely,113,Research & Development,6,1,Life Sciences,1,845,2,Female,41,2,5,Laboratory Technician,4,Married,2368,14129,3,Y,No,16,3,4,80,1,7,3,4,12,2,4,1,No
41,Travel_Rarely,242,Research & Development,6,3,Other,1,846,4,Male,40,4,4,Manufacturing Director,3,Married,10475,24692,3,Y,Yes,18,3,3,80,2,16,3,2,13,1,0,2,Yes
39,Travel_Rarely,118,Research & Development,21,5,Life Sciences,1,847,4,Male,48,2,5,Sales Executive,2,Married,7173,19841,4,Y,No,12,3,2,80,1,3,3,1,3,4,3,0,No
59,Travel_Frequently,1188,Research & Development,9,2,Life Sciences,1,848,3,Male,83,4,2,Laboratory Technician,3,Divorced,10851,17103,6,Y,Yes,18,4,3,80,0,13,5,3,12,6,7,1,No
31,Travel_Rarely,354,Research & Development,4,3,Life Sciences,1,849,4,Male,86,3,5,Sales Executive,1,Single,1009,25745,3,Y,Yes,19,3,4,80,0,11,0,1,10,10,0,1,Yes
32,Travel_Rarely,566,Research & Development,26,4,Other,1,850,2,Female,71,1,4,Laboratory Technician,3,Married,7784,13684,6,Y,No,14,3,1,80,0,14,1,2,3,4,0,2,No
31,Travel_Frequently,477,Research & Development,12,1,Technical Degree,1,851,1,Male,60,3,3,Healthcare Representative,2,Married,7724,3150,8,Y,No,15,3,4,80,0,15,2,4,0,4,5,3,Yes
31,Travel_Rarely,1082,Research & Development,28,3,Marketing,1,852,3,Female,81,3,1,Sales Executive,4,Divorced,12141,2236,2,Y,No,15,3,4,80,0,16,1,3,1,11,0,0,No
31,Travel_Rarely,621,Research & Development,12,3,Other,1,853,3,Female,31,4,5,Research Director,2,Divorced,4577,13601,4,Y,Yes,12,3,4,80,1,17,4,3,3,0,7,4,No
47,Travel_Rarely,191,Research & Development,23,5,Life Sciences,1,854,4,Male,67,2,2,Laboratory Technician,4,Single,4244,23309,3,Y,Yes,15,3,1,80,1,15,1,4,5,0,5,8,No
49,Travel_Rarely,821,Human Resources,17,3,Other,1,855,1,Female,61,1,3,Research Director,1,Single,13580,26277,8,Y,No,19,3,4,80,1,13,2,1,11,6,5,6,No
31,Travel_Rarely,905,Research & Development,15,5,Medical,1,856,3,Male,39,1,2,Sales Executive,1,Divorced,5696,12170,4,Y,No,14,3,2,80,0,6,0,1,12,8,5,0,No
29,Non-Travel,897,Research & Development,9,1,Life Sciences,1,857,2,Female,37,1,5,Research Director,3,Single,7333,20742,9,Y,No,20,3,2,80,0,17,4,1,17,9,0,7,No
41,Travel_Rarely,731,Sales,7,1,Life Sciences,1,858,4,Male,49,1,4,Sales Executive,1,Single,8738,20402,1,Y,Yes,13,3,4,80,0,5,0,1,9,0,0,1,Yes
31,Travel_Rarely,1300,Human Resources,10,4,Life Sciences,1,859,2,Male,49,2,1,Laboratory Technician,1,Single,1009,14331,9,Y,Yes,24,4,3,80,0,9,4,3,0,0,6,5,Yes
42,Travel_Frequently,177,Sales,16,5,Marketing,1,860,4,Male,38,1,1,Research Director,2,Single,6693,4575,0,Y,Yes,17,3,3,80,0,4,2,2,1,3,1,0,Yes
38,Travel_Rarely,1027,Research & Development,12,5,Life Sciences,1,861,3,Female,44,4,3,Research Scientist,2,Married,1009,12176,6,Y,No,18,4,1,80,0,4,0,4,5,6,1,6,Yes
23,Travel_Rarely,501,Sales,25,2,Marketing,1,862,4,Female,92,4,1,Sales Executive,3,Married,6088,25455,0,Y,Yes,23,3,1,80,1,8,2,2,13,2,4,4,No
50,Travel_Rarely,1071,Sales,7,2,Life Sciences,1,863,1,Male,50,1,4,Manager,3,Married,5115,9990,7,Y,No,23,3,2,80,2,9,2,2,10,0,2,4,Yes
53,Travel_Rarely,1196,Research & Development,18,4,Life Sciences,1,864,2,Male,34,1,2,Laboratory Technician,3,Divorced,4120,21603,8,Y,Yes,20,3,2,80,0,4,5,1,2,0,5,4,Yes
31,Travel_Rarely,1305,Human Resources,15,1,Other,1,865,1,Male,64,2,4,Laboratory Technician,3,Single,9445,9144,6,Y,No,16,3,4,80,1,11,1,2,0,7,4,10,No
33,Travel_Rarely,1249,Sales,6,2,Other,1,866,2,Female,97,2,3,Sales Executive,2,Single,6957,8105,8,Y,Yes,16,3,3,80,0,12,4,1,3,8,1,7,Yes
39,Travel_Rarely,1418,Research & Development,26,3,Life Sciences,1,867,2,Male,77,1,3,Manufacturing Director,3,Divorced,1513,17424,9,Y,No,23,3,2,80,2,7,3,1,0,6,1,6,No
39,Non-Travel,898,Sales,12,1,Life Sciences,1,868,4,Female,91,2,1,Sales Executive,3,Married,1354,13508,5,Y,Yes,15,3,3,80,0,29,3,2,6,4,3,6,No
42,Travel_Rarely,296,Sales,11,3,Life Sciences,1,869,3,Male,64,3,4,Research Director,1,Single,10448,6244,6,Y,No,21,3,1,80,0,13,0,4,9,1,3,11,No
55,Travel_Rarely,329,Research & Development,20,5,Life Sciences,1,870,3,Male,99,1,2,Manufacturing Director,3,Married,6322,17970,2,Y,No,16,3,1,80,0,12,2,2,8,0,4,3,No
35,Travel_Rarely,562,Research & Development,3,1,Life Sciences,1,871,1,Female,50,2,4,Healthcare Representative,4,Single,1009,9098,8,Y,Yes,19,3,4,80,0,6,1,2,4,0,2,0,Yes
29,Travel_Rarely,719,Sales,2,4,Human Resources,1,872,4,Female,68,4,2,Research Scientist,1,Married,4542,11292,2,Y,No,12,3,4,80,1,12,4,3,7,0,1,10,Yes
24,Travel_Rarely,1146,Research & Development,6,5,Other,1,873,3,Female,63,1,2,Sales Representative,2,Single,5759,3314,5,Y,No,20,3,2,80,3,13,0,1,0,3,1,2,Yes
30,Travel_Rarely,165,Sales,24,5,Medical,1,874,2,Male,44,1,4,Laboratory Technician,4,Married,1009,6755,3,Y,No,21,3,3,80,1,11,2,3,2,5,0,5,No
36,Travel_Frequently,266,Research & Development,22,3,Life Sciences,1,875,2,Female,35,4,5,Sales Representative,3,Single,3506,6960,8,Y,No,13,3,2,80,0,22,5,4,8,4,7,5,No
53,Travel_Rarely,128,Human Resources,25,5,Life Sciences,1,876,4,Male,95,4,4,Research Scientist,1,Divorced,10813,3891,0,Y,No,11,3,2,80,1,0,3,2,20,9,0,1,Yes
32,Travel_Rarely,1436,Research & Development,5,2,Life Sciences,1,877,1,Female,85,2,2,Healthcare Representative,3,Married,18201,8068,8,Y,Yes,14,3,3,80,1,8,3,3,15,4,0,0,No
38,Travel_Rarely,1113,Research & Development,18,1,Other,1,878,4,Male,78,4,3,Laboratory Technician,1,Married,7922,15259,3,Y,Yes,12,3,2,80,1,16,4,3,0,0,5,7,Yes
36,Travel_Rarely,386,Research & Development,16,2,Other,1,879,1,Male,30,3,3,Sales Executive,3,Single,1009,21349,9,Y,No,16,3,4,80,1,4,4,2,12,3,3,8,No
47,Travel_Rarely,382,Research & Development,8,3,Life Sciences,1,880,4,Male,94,1,1,Research Scientist,4,Single,5477,20095,4,Y,No,23,3,3,80,1,0,4,2,8,3,8,6,No
59,Travel_Rarely,939,Sales,25,3,Marketing,1,881,2,Male,57,3,3,Sales Executive,2,Married,7073,9099,0,Y,Yes,11,3,3,80,1,7,0,1,8,5,1,5,No
32,Travel_Rarely,932,Research & Development,26,1,Other,1,882,4,Male,49,2,5,Research Scientist,4,Married,10195,24549,0,Y,No,18,3,2,80,1,19,4,1,22,7,2,0,No
32,Travel_Rarely,1289,Research & Development,20,5,Life Sciences,1,883,3,Female,77,4,2,Research Scientist,4,Married,10306,6706,5,Y,Yes,20,3,3,80,0,4,0,3,4,5,0,2,No
46,Travel_Frequently,1019,Sales,22,4,Life Sciences,1,884,3,Female,94,1,4,Laboratory Technician,2,Married,12911,22235,9,Y,No,16,4,4,80,0,8,1,2,10,2,2,8,Yes
43,Non-Travel,325,Sales,11,3,Other,1,885,4,Female,80,4,4,Manufacturing Director,1,Single,6492,20510,0,Y,No,19,3,4,80,1,14,2,1,11,9,0,1,Yes
53,Travel_Frequently,885,Human Resources,10,1,Medical,1,886,1,Male,72,4,5,Laboratory Technician,1,Married,6583,11959,1,Y,No,22,3,1,80,2,6,3,1,2,7,0,4,No
42,Travel_Frequently,1271,Research & Development,24,4,Life Sciences,1,887,1,Male,78,2,3,Sales Executive,2,Single,1009,13985,2,Y,Yes,16,3,1,80,0,7,6,4,0,0,0,5,Yes
33,Travel_Rarely,1066,Sales,25,5,Life Sciences,1,888,2,Female,54,2,2,Healthcare Representative,3,Single,1739,12377,6,Y,No,20,3,1,80,3,6,6,3,0,6,2,5,No
42,Non-Travel,1051,Sales,12,3,Other,1,889,2,Male,70,2,3,Research Director,1,Married,1009,7047,1,Y,No,17,3,1,80,0,6,0,3,8,1,0,0,No
46,Travel_Rarely,1155,Research & Development,21,1,Life Sciences,1,890,1,Male,93,2,1,Research Scientist,4,Divorced,2548,22792,4,Y,No,15,3,2,80,0,2,2,3,12,0,0,3,No
44,Non-Travel,146,Research & Development,28,1,Medical,1,891,4,Female,90,1,3,Sales Executive,2,Married,1086,23141,8,Y,Yes,24,3,1,80,0,9,5,2,10,5,0,7,No
41,Non-Travel,572,Research & Development,6,1,Medical,1,892,2,Male,41,3,1,Laboratory Technician,4,Divorced,1404,9145,9,Y,No,18,4,1,80,2,19,4,4,10,12,4,10,No
46,Travel_Frequently,135,Human Resources,27,3,Life Sciences,1,893,1,Male,98,3,4,Healthcare Representative,1,Divorced,11619,14639,7,Y,No,18,3,1,80,0,23,3,1,9,4,0,3,Yes
47,Non-Travel,754,Sales,20,4,Life Sciences,1,894,1,Female,43,1,2,Manufacturing Director,2,Single,1009,24110,7,Y,No,20,3,1,80,1,21,5,4,1,3,7,5,Yes
49,Travel_Rarely,931,Research & Development,5,1,Medical,1,895,4,Male,63,4,1,Manufacturing Director,2,Divorced,5567,15342,1,Y,No,19,3,2,80,0,12,0,1,6,4,1,0,No
42,Travel_Rarely,322,Research & Development,23,5,Life Sciences,1,896,3,Female,77,1,3,Sales Executive,1,Married,10561,23974,0,Y,No,22,3,1,80,1,24,4,1,10,12,0,3,Yes
35,Travel_Rarely,635,Research & Development,9,1,Life Sciences,1,897,1,Male,90,3,3,Manager,1,Divorced,5082,19370,8,Y,Yes,16,3,3,80,2,29,2,4,9,3,0,2,Yes
38,Travel_Rarely,793,Sales,26,4,Medical,1,898,2,Female,64,3,4,Laboratory Technician,2,Married,12737,19449,9,Y,No,11,3,4,80,0,12,1,3,17,7,0,11,No
47,Travel_Rarely,1492,Human Resources,27,3,Life Sciences,1,899,4,Male,94,1,5,Research Scientist,3,Married,3682,18580,3,Y,No,19,3,3,80,1,3,2,2,3,2,1,6,No
29,Travel_Rarely,1033,Research & Development,16,1,Other,1,900,4,Female,88,2,5,Sales Executive,2,Married,14728,17233,8,Y,No,13,3,2,80,2,21,0,4,3,2,0,4,No
40,Non-Travel,942,Research & Development,22,1,Life Sciences,1,901,4,Male,65,4,3,Research Scientist,3,Married,1009,17602,6,Y,No,19,3,2,80,0,1,1,3,2,9,0,0,No
33,Travel_Rarely,1112,Research & Development,14,5,Medical,1,902,3,Female,48,1,5,Manufacturing Director,4,Divorced,12746,24529,5,Y,Yes,17,3,2,80,1,4,1,3,0,0,0,5,No
37,Travel_Frequently,683,Sales,22,5,Life Sciences,1,903,3,Male,71,3,2,Manufacturing Director,3,Single,2297,23623,9,Y,No,24,3,4,80,0,0,4,2,10,6,0,5,No
48,Non-Travel,1241,Research & Development,8,1,Human Resources,1,904,2,Male,98,2,5,Human Resources,3,Single,13291,5340,8,Y,No,22,3,1,80,0,16,2,2,7,2,0,3,No
38,Non-Travel,340,Research & Development,27,1,Medical,1,905,2,Female,48,4,2,Sales Executive,1,Single,4300,24332,9,Y,No,23,3,2,80,1,0,0,3,5,1,0,4,Yes
37,Non-Travel,1460,Research & Development,20,5,Life Sciences,1,906,4,Male,68,3,3,Human Resources,2,Single,11691,22190,3,Y,No,13,3,1,80,1,19,5,2,2,2,0,10,No
24,Travel_Rarely,542,Human Resources,19,4,Other,1,907,2,Male,98,4,3,Manufacturing Director,4,Single,12486,16059,0,Y,No,19,3,2,80,0,25,5,3,10,0,6,7,No
43,Non-Travel,249,Research & Development,14,2,Life Sciences,1,908,1,Male,81,2,3,Laboratory Technician,2,Single,3783,5511,4,Y,No,24,4,4,80,0,24,1,1,7,0,0,0,No
42,Travel_Frequently,1134,Research & Development,7,2,Other,1,909,3,Male,41,3,4,Sales Representative,3,Married,11302,8539,5,Y,No,17,3,3,80,2,1,4,2,16,4,0,11,No
56,Travel_Rarely,1413,Research & Development,5,1,Marketing,1,910,4,Male,76,2,5,Healthcare Representative,3,Married,6368,7511,5,Y,No,17,4,3,80,1,0,5,1,7,3,0,1,No
34,Travel_Rarely,489,Sales,18,5,Other,1,911,4,Male,65,1,1,Research Scientist,3,Single,1009,17588,0,Y,No,17,3,4,80,0,6,1,2,9,0,4,9,No
38,Travel_Frequently,1175,Research & Development,2,3,Life Sciences,1,912,1,Male,92,1,1,Sales Representative,2,Single,8889,15460,6,Y,No,12,3,1,80,1,18,6,3,16,9,3,1,Yes
39,Travel_Rarely,1017,Research & Development,11,3,Medical,1,913,1,Female,80,4,3,Manufacturing Director,3,Divorced,1722,22629,7,Y,Yes,21,3,2,80,0,20,2,3,4,0,0,3,Yes
51,Travel_Rarely,739,Research & Development,22,2,Life Sciences,1,914,1,Male,72,2,5,Healthcare Representative,2,Single,3430,15396,4,Y,No,14,3,3,80,0,16,5,3,4,9,0,0,Yes
36,Travel_Rarely,379,Research & Development,8,4,Marketing,1,915,1,Male,63,2,2,Sales Representative,4,Single,2303,24995,1,Y,No,20,3,4,80,1,15,3,3,15,4,4,5,No
39,Travel_Rarely,1090,Research & Development,1,2,Medical,1,916,4,Female,78,4,1,Laboratory Technician,4,Single,8277,5753,1,Y,No,18,3,1,80,1,29,6,3,0,3,0,0,No
42,Travel_Rarely,1425,Research & Development,27,1,Life Sciences,1,917,3,Female,47,4,3,Manufacturing Director,2,Single,1867,9600,4,Y,No,22,4,3,80,0,7,0,3,5,4,3,4,Yes
38,Travel_Frequently,690,Research & Development,22,4,Life Sciences,1,918,3,Male,90,4,1,Healthcare Representative,4,Married,1009,23030,6,Y,Yes,12,3,4,80,1,5,6,2,5,5,0,2,No
32,Travel_Rarely,750,Research & Development,12,3,Marketing,1,919,1,Male,86,1,1,Laboratory Technician,1,Married,1596,7767,6,Y,No,23,4,2,80,0,2,3,2,1,0,3,2,Yes
38,Travel_Rarely,719,Research & Development,2,5,Marketing,1,920,2,Female,34,4,1,Sales Executive,3,Married,3164,4251,3,Y,Yes,14,3,4,80,1,14,2,1,10,0,0,5,No
46,Travel_Rarely,236,Sales,18,5,Life Sciences,1,921,4,Male,53,1,3,Healthcare Representative,3,Single,8834,19059,2,Y,Yes,20,4,1,80,0,9,3,4,3,3,6,7,No
27,Travel_Rarely,681,Sales,7,1,Life Sciences,1,922,3,Male,93,4,3,Sales Executive,3,Married,10772,2889,8,Y,No,18,3,3,80,0,17,2,2,7,5,0,8,No
38,Non-Travel,1272,Research & Development,26,2,Other,1,923,1,Male,88,2,4,Healthcare Representative,1,Married,10705,13483,6,Y,No,22,3,2,80,0,7,2,2,1,6,4,0,No
30,Travel_Rarely,591,Sales,17,1,Life Sciences,1,924,2,Female,67,2,4,Research Director,3,Single,6336,20361,1,Y,No,13,3,1,80,1,16,4,4,8,8,1,2,No
47,Travel_Rarely,579,Sales,22,5,Life Sciences,1,925,2,Male,62,4,4,Research Scientist,2,Single,6215,13653,0,Y,Yes,22,4,4,80,0,8,6,4,19,0,0,3,No
23,Travel_Rarely,1284,Research & Development,23,3,Life Sciences,1,926,1,Female,39,4,1,Sales Executive,3,Single,5636,15584,1,Y,No,16,3,3,80,0,10,3,1,6,5,6,6,No
31,Travel_Rarely,485,Research & Development,14,5,Life Sciences,1,927,4,Female,66,1,5,Research Scientist,2,Married,8587,8138,2,Y,No,22,3,3,80,0,10,1,1,6,4,0,6,No
40,Travel_Frequently,264,Research & Development,24,4,Other,1,928,3,Male,40,3,3,Laboratory Technician,4,Single,11762,11095,4,Y,Yes,12,3,1,80,1,0,2,3,0,2,2,1,No
51,Travel_Frequently,542,Human Resources,7,5,Human Resources,1,929,2,Female,53,1,4,Research Director,2,Married,5789,23698,2,Y,No,18,3,2,80,0,10,6,1,12,11,2,8,Yes
36,Travel_Rarely,1314,Research & Development,22,5,Medical,1,930,3,Male,50,2,5,Laboratory Technician,2,Single,9003,2666,9,Y,Yes,18,3,1,80,1,15,3,1,6,5,0,5,No
31,Travel_Rarely,516,Research & Development,25,4,Life Sciences,1,931,3,Male,49,4,4,Sales Executive,2,Single,1009,3300,8,Y,No,22,3,3,80,0,3,1,4,9,9,4,10,Yes
54,Travel_Rarely,1464,Sales,3,2,Other,1,932,2,Male,39,2,4,Manufacturing Director,3,Single,10507,18377,9,Y,No,23,3,3,80,1,26,0,2,12,0,8,5,No
23,Travel_Rarely,1306,Research & Development,27,5,Other,1,933,1,Male,76,3,5,Healthcare Representative,1,Married,7515,15190,3,Y,No,11,3,3,80,3,11,1,3,5,7,7,0,No
18,Travel_Rarely,389,Research & Development,6,1,Life Sciences,1,934,2,Male,76,1,4,Research Scientist,1,Single,1646,21558,6,Y,No,13,3,2,80,1,6,3,1,13,6,3,1,No
40,Travel_Rarely,288,Research & Development,20,5,Technical Degree,1,935,2,Male,44,2,1,Healthcare Representative,2,Married,11525,4554,3,Y,No,24,3,3,80,1,6,3,4,13,6,1,3,Yes
32,Travel_Rarely,1263,Research & Development,2,1,Other,1,936,4,Male,73,1,1,Research Scientist,3,Married,1009,22483,2,Y,No,12,4,3,80,1,21,1,3,9,3,4,1,No
27,Travel_Rarely,231,Research & Development,17,4,Human Resources,1,937,3,Male,91,4,1,Manager,1,Married,1009,7019,9,Y,No,17,3,1,80,2,4,1,3,8,11,5,0,No
43,Non-Travel,295,Sales,12,5,Other,1,938,1,Male,35,2,2,Research Scientist,4,Married,10479,21091,0,Y,No,17,3,3,80,0,13,5,4,7,3,2,10,No
39,Non-Travel,417,Research & Development,12,4,Medical,1,939,3,Female,95,3,4,Research Scientist,4,Married,8311,3809,8,Y,No,14,3,4,80,1,18,2,1,10,4,0,0,No
31,Travel_Rarely,245,Research & Development,17,4,Life Sciences,1,940,2,Male,33,1,2,Sales Representative,3,Married,1009,16533,0,Y,No,22,4,1,80,2,15,3,1,10,0,0,2,No
25,Travel_Frequently,117,Research & Development,27,2,Other,1,941,1,Female,52,1,3,Laboratory Technician,4,Divorced,8170,23723,0,Y,Yes,22,3,3,80,0,6,2,1,0,4,3,4,No
44,Travel_Rarely,1427,Sales,10,5,Life Sciences,1,942,1,Male,42,3,5,Research Scientist,4,Single,11998,3663,0,Y,Yes,18,3,1,80,0,17,2,1,2,3,3,0,Yes
42,Travel_Rarely,524,Human Resources,3,1,Marketing,1,943,1,Male,60,2,3,Research Director,4,Single,7727,19154,4,Y,No,13,4,1,80,3,12,6,3,12,8,0,3,No
35,Travel_Frequently,346,Human Resources,20,1,Marketing,1,944,1,Male,45,2,2,Healthcare Representative,1,Married,17961,15326,6,Y,Yes,24,3,4,80,1,0,0,2,8,6,3,0,Yes
53,Non-Travel,1028,Sales,18,5,Marketing,1,945,4,Male,70,1,1,Research Scientist,4,Married,2500,12119,6,Y,No,19,3,1,80,0,20,6,3,5,8,0,2,No
27,Non-Travel,1232,Research & Development,13,2,Medical,1,946,1,Male,30,3,4,Manufacturing Director,2,Married,1009,16699,9,Y,No,15,3,1,80,1,6,3,3,17,3,1,0,No
23,Travel_Rarely,1213,Research & Development,12,2,Marketing,1,947,2,Male,41,1,4,Sales Representative,2,Single,1009,4607,0,Y,No,24,3,2,80,0,9,2,4,11,2,1,2,No
30,Travel_Rarely,230,Human Resources,27,2,Life Sciences,1,948,4,Female,85,1,1,Healthcare Representative,4,Married,1009,11086,5,Y,No,23,3,3,80,0,13,0,3,13,7,0,3,Yes
36,Travel_Frequently,1008,Research & Development,27,1,Other,1,949,2,Female,79,4,4,Research Scientist,2,Divorced,16552,11427,8,Y,No,24,3,2,80,1,7,5,1,5,4,2,8,No
39,Travel_Rarely,988,Research & Development,27,4,Medical,1,950,2,Male,49,2,5,Manufacturing Director,1,Married,6476,18319,5,Y,Yes,12,3,3,80,1,17,2,4,9,0,0,1,Yes
34,Travel_Rarely,442,Research & Development,17,2,Medical,1,951,3,Female,95,2,5,Manufacturing Director,3,Divorced,15613,16017,3,Y,No,19,3,1,80,1,2,2,4,6,2,5,11,No
40,Travel_Rarely,105,Research & Development,4,1,Medical,1,952,1,Male,65,4,5,Manager,2,Married,4833,21530,9,Y,No,11,4,3,80,0,6,5,4,0,0,3,4,No
25,Travel_Rarely,1452,Sales,23,1,Life Sciences,1,953,1,Male,67,2,3,Sales Executive,4,Single,2246,4125,8,Y,Yes,21,3,1,80,1,20,3,4,8,1,0,0,Yes
50,Travel_Rarely,407,Research & Development,10,4,Life Sciences,1,954,2,Female,51,2,1,Healthcare Representative,3,Married,1009,19986,2,Y,Yes,18,3,3,80,0,11,6,4,6,7,0,4,No
36,Travel_Rarely,1009,Sales,11,5,Technical Degree,1,955,1,Male,90,2,5,Sales Executive,3,Married,4635,11396,9,Y,Yes,16,3,1,80,1,3,1,1,6,2,0,8,Yes
47,Non-Travel,708,Sales,6,5,Other,1,956,4,Male,79,3,2,Healthcare Representative,4,Married,10467,6423,3,Y,Yes,22,3,3,80,0,11,5,2,13,3,0,0,No
40,Travel_Rarely,1350,Research & Development,6,2,Life Sciences,1,957,3,Male,88,4,5,Human Resources,2,Married,5444,19390,3,Y,Yes,11,3,3,80,0,14,1,2,6,3,4,11,No
41,Travel_Rarely,1473,Research & Development,27,2,Marketing,1,958,1,Male,49,1,3,Sales Executive,1,Married,1009,23721,3,Y,No,24,3,3,80,2,0,3,4,7,4,1,6,No
42,Travel_Rarely,1093,Research & Development,9,4,Technical Degree,1,959,1,Male,65,3,2,Research Scientist,2,Single,9569,7416,5,Y,No,14,4,1,80,0,24,6,2,7,2,1,0,Yes
40,Travel_Rarely,422,Research & Development,15,2,Life Sciences,1,960,4,Male,44,1,1,Laboratory Technician,2,Single,10442,3149,6,Y,No,13,3,3,80,1,25,1,3,10,10,0,2,Yes
42,Travel_Rarely,660,Research & Development,2,4,Marketing,1,961,3,Male,91,4,1,Healthcare Representative,1,Single,4009,26108,8,Y,Yes,17,3,1,80,0,12,6,2,8,0,0,2,No
48,Travel_Rarely,1306,Sales,4,1,Technical Degree,1,962,4,Male,32,4,5,Research Scientist,3,Divorced,3421,9201,2,Y,No,17,3,2,80,0,9,4,3,11,5,1,8,No
38,Travel_Frequently,719,Research & Development,5,2,Technical Degree,1,963,2,Female,34,4,2,Manufacturing Director,1,Single,1009,7764,7,Y,No,16,3,3,80,0,11,1,1,0,6,2,0,Yes
43,Travel_Rarely,812,Human Resources,17,1,Technical Degree,1,964,2,Male,85,2,2,Sales Representative,1,Divorced,9451,14475,7,Y,No,24,3,4,80,1,18,6,4,7,0,1,9,No
36,Non-Travel,1233,Research & Development,8,3,Other,1,965,1,Female,60,3,5,Healthcare Representative,4,Single,4327,15927,0,Y,No,20,3,4,80,0,14,5,3,6,6,3,8,No
50,Travel_Rarely,632,Research & Development,8,4,Life Sciences,1,966,3,Female,64,4,5,Healthcare Representative,4,Single,1009,20228,4,Y,No,24,3,1,80,1,13,2,1,0,1,4,10,No
30,Travel_Rarely,511,Research & Development,22,3,Life Sciences,1,967,2,Female,99,1,4,Research Scientist,2,Single,1009,9669,9,Y,No,20,3,4,80,1,22,2,1,0,5,7,4,Yes
53,Travel_Rarely,1421,Human Resources,12,2,Life Sciences,1,968,4,Female,55,2,4,Research Director,4,Single,9142,13457,4,Y,No,22,3,1,80,0,20,0,4,3,0,2,8,No
36,Travel_Rarely,919,Sales,21,1,Other,1,969,2,Male,30,2,5,Research Scientist,1,Divorced,4893,24865,7,Y,Yes,18,3,1,80,1,3,5,2,3,4,3,3,Yes
23,Travel_Frequently,1296,Research & Development,8,2,Life Sciences,1,970,2,Male,36,3,3,Sales Executive,1,Married,1163,5106,7,Y,No,17,3,4,80,0,18,6,1,5,12,0,7,No
38,Travel_Rarely,1456,Research & Development,19,3,Life Sciences,1,971,4,Male,65,3,4,Research Scientist,4,Divorced,6752,21906,1,Y,No,14,3,4,80,2,20,3,2,7,0,7,4,No
30,Travel_Rarely,594,Research & Development,3,2,Life Sciences,1,972,1,Female,54,3,5,Manufacturing Director,4,Divorced,2551,13848,2,Y,Yes,17,3,2,80,0,13,0,2,10,2,0,10,No
44,Travel_Frequently,1320,Sales,18,5,Life Sciences,1,973,3,Male,88,2,2,Sales Representative,4,Married,3478,24941,1,Y,No,11,3,1,80,0,15,2,2,0,10,4,5,No
30,Non-Travel,113,Research & Development,21,3,Marketing,1,974,1,Male,90,4,4,Sales Executive,1,Married,5233,7232,0,Y,No,13,3,4,80,0,8,2,3,1,8,0,1,Yes
32,Travel_Frequently,296,Sales,19,2,Life Sciences,1,975,4,Male,58,1,3,Manager,3,Married,14421,24738,1,Y,No,12,4,2,80,1,1,0,2,1,10,1,9,No
19,Travel_Rarely,591,Research & Development,19,1,Other,1,976,2,Female,47,4,1,Manager,3,Married,14399,23733,9,Y,No,17,3,2,80,1,26,5,2,6,2,2,4,No
32,Travel_Frequently,896,Research & Development,15,2,Other,1,977,3,Male,70,1,2,Laboratory Technician,4,Single,1009,18292,5,Y,Yes,19,3,1,80,2,0,4,1,7,5,0,2,Yes
18,Travel_Rarely,982,Sales,6,1,Life Sciences,1,978,1,Male,48,4,3,Healthcare Representative,2,Married,6196,6485,0,Y,No,15,4,3,80,2,24,1,4,13,5,2,1,No
22,Travel_Rarely,283,Research & Development,16,5,Technical Degree,1,979,4,Male,33,3,3,Sales Executive,2,Married,1009,14906,5,Y,No,19,3,4,80,0,10,6,3,1,1,1,0,Yes
43,Travel_Rarely,1063,Sales,8,2,Other,1,980,2,Female,94,1,3,Sales Executive,3,Single,1502,15506,0,Y,No,22,4,4,80,0,21,6,2,11,0,0,0,No
44,Travel_Rarely,757,Research & Development,16,5,Life Sciences,1,981,2,Male,70,2,2,Sales Representative,4,Married,1009,26025,1,Y,No,23,3,4,80,1,11,4,4,0,0,0,2,Yes
40,Travel_Rarely,1441,Research & Development,18,3,Life Sciences,1,982,1,Male,44,1,3,Laboratory Technician,1,Divorced,2421,9416,7,Y,No,18,3,4,80,2,18,4,2,7,2,0,4,No
28,Travel_Rarely,795,Sales,20,1,Life Sciences,1,983,4,Female,83,2,1,Research Scientist,2,Married,1009,11903,5,Y,No,11,4,4,80,0,14,4,2,10,0,0,2,Yes
36,Travel_Frequently,131,Sales,16,3,Life Sciences,1,984,2,Male,93,4,4,Manufacturing Director,2,Married,11320,7318,8,Y,No,24,3,4,80,0,6,6,1,10,1,0,0,No
36,Travel_Rarely,1221,Human Resources,11,1,Life Sciences,1,985,2,Female,44,3,2,Sales Representative,1,Single,2542,10045,0,Y,No,21,3,2,80,2,12,5,4,17,0,0,0,No
26,Travel_Rarely,879,Sales,7,5,Other,1,986,3,Male,79,1,3,Manufacturing Director,1,Divorced,1009,15931,4,Y,No,12,3,1,80,0,10,4,1,21,6,1,7,No
50,Travel_Rarely,545,Sales,17,4,Technical Degree,1,987,2,Male,51,2,5,Research Scientist,4,Married,6486,13485,6,Y,Yes,16,3,2,80,1,16,1,1,9,5,4,3,No
44,Non-Travel,399,Research & Development,17,2,Medical,1,988,1,Female,47,4,4,Laboratory Technician,1,Divorced,5668,14782,8,Y,No,15,3,4,80,2,12,3,2,0,2,0,0,Yes
34,Travel_Rarely,909,Research & Development,12,5,Life Sciences,1,989,4,Female,31,3,2,Healthcare Representative,1,Divorced,5261,11881,8,Y,No,21,3,1,80,1,13,0,2,30,2,0,2,No
37,Travel_Rarely,946,Research & Development,13,1,Life Sciences,1,990,4,Male,65,3,5,Sales Executive,1,Divorced,9366,4083,3,Y,No,17,3,4,80,0,3,4,2,13,6,2,4,Yes
38,Travel_Frequently,1117,Sales,10,1,Other,1,991,3,Male,49,3,5,Sales Executive,3,Single,12289,4698,3,Y,No,19,3,1,80,0,1,4,4,13,2,0,7,No
18,Travel_Frequently,1486,Sales,7,1,Life Sciences,1,992,4,Female,45,4,3,Laboratory Technician,1,Married,5192,20885,3,Y,No,24,3,2,80,0,11,0,4,4,2,4,1,Yes
34,Travel_Rarely,655,Sales,14,1,Life Sciences,1,993,1,Male,96,4,2,Manufacturing Director,2,Divorced,7748,2157,2,Y,No,14,3,1,80,2,12,6,4,6,0,0,6,No
30,Travel_Rarely,404,Sales,23,2,Marketing,1,994,2,Female,59,4,3,Research Scientist,4,Divorced,5312,14246,7,Y,No,18,3,2,80,3,3,6,4,1,8,2,4,No
27,Travel_Frequently,522,Research & Development,1,3,Life Sciences,1,995,3,Female,84,3,1,Research Scientist,4,Divorced,8880,21290,4,Y,No,14,3,4,80,1,15,0,2,11,0,5,2,No
34,Travel_Rarely,1371,Research & Development,17,4,Marketing,1,996,4,Male,95,1,5,Sales Executive,4,Married,1009,13107,6,Y,Yes,13,3,1,80,1,16,6,2,4,3,0,7,Yes
53,Travel_Rarely,1362,Sales,4,2,Life Sciences,1,997,3,Female,55,2,1,Sales Executive,3,Married,9401,6121,9,Y,Yes,22,3,3,80,0,12,6,1,11,1,0,0,Yes
42,Travel_Frequently,286,Research & Development,21,1,Human Resources,1,998,3,Male,86,4,3,Research Scientist,2,Single,7830,17053,5,Y,No,12,3,3,80,1,11,3,2,2,4,0,7,No
31,Travel_Rarely,569,Research & Development,5,2,Medical,1,999,4,Female,98,1,4,Laboratory Technician,1,Divorced,1990,2195,8,Y,No,18,3,2,80,0,1,2,4,12,2,2,0,No
42,Travel_Rarely,855,Human Resources,20,5,Medical,1,1000,3,Male,31,2,5,Laboratory Technician,2,Married,16879,13584,2,Y,No,21,3,2,80,1,1,3,3,8,4,1,2,No
49,Travel_Rarely,464,Human Resources,24,1,Life Sciences,1,1001,4,Female,85,3,4,Laboratory Technician,4,Single,1009,18150,5,Y,No,18,4,2,80,1,14,2,2,14,1,2,2,No
45,Travel_Rarely,1408,Research & Development,23,4,Technical Degree,1,1002,1,Female,91,1,2,Research Scientist,1,Single,8049,5229,2,Y,Yes,21,3,2,80,1,4,5,4,19,2,3,3,No
37,Travel_Rarely,437,Sales,25,1,Marketing,1,1003,4,Female,63,3,5,Research Scientist,4,Married,2001,19658,1,Y,No,22,3,4,80,2,5,1,1,8,0,1,0,No
31,Travel_Frequently,263,Sales,7,4,Medical,1,1004,2,Female,85,2,1,Research Scientist,4,Married,9216,7603,2,Y,No,13,3,3,80,0,13,6,2,15,0,0,4,No
43,Travel_Rarely,1285,Research & Development,10,4,Other,1,1005,4,Male,84,4,4,Sales Executive,4,Single,15898,26008,1,Y,Yes,11,3,2,80,1,27,3,3,15,2,6,0,No
40,Travel_Rarely,1447,Sales,17,3,Medical,1,1006,2,Male,49,3,2,Sales Executive,2,Single,10145,4822,1,Y,Yes,23,3,1,80,0,8,1,4,6,4,3,4,No
45,Travel_Rarely,113,Research & Development,7,3,Life Sciences,1,1007,3,Female,79,1,5,Research Scientist,2,Single,5954,9725,9,Y,No,16,3,1,80,1,27,0,2,8,3,0,5,Yes
42,Travel_Rarely,1198,Research & Development,1,2,Other,1,1008,4,Female,54,4,2,Human Resources,4,Single,10864,12978,6,Y,No,15,3,4,80,1,10,3,4,8,9,1,7,No
46,Non-Travel,689,Research & Development,7,2,Marketing,1,1009,2,Female,54,1,1,Research Scientist,4,Divorced,3724,18882,9,Y,Yes,18,3,2,80,0,15,5,3,4,0,4,0,No
32,Travel_Rarely,302,Research & Development,26,4,Life Sciences,1,1010,4,Female,82,2,5,Research Director,1,Married,8798,4967,2,Y,No,16,3,1,80,0,18,0,3,4,3,0,4,Yes
48,Travel_Rarely,623,Research & Development,24,1,Life Sciences,1,1011,4,Male,43,2,2,Research Scientist,4,Married,6912,17585,7,Y,No,14,4,2,80,0,19,5,1,14,0,5,3,No
38,Travel_Rarely,606,Research & Development,11,5,Other,1,1012,4,Male,89,4,3,Laboratory Technician,4,Divorced,1009,5362,1,Y,No,20,3,1,80,0,13,5,3,2,3,0,2,Yes
55,Travel_Rarely,889,Research & Development,9,5,Medical,1,1013,1,Male,72,1,5,Manager,4,Married,14530,21172,6,Y,No,20,3,4,80,1,9,4,2,6,1,3,0,No
30,Travel_Rarely,1164,Sales,12,1,Life Sciences,1,1014,2,Female,91,1,5,Sales Executive,4,Married,12345,12368,2,Y,No,22,3,1,80,0,17,0,3,5,2,0,4,No
52,Travel_Frequently,161,Research & Development,3,1,Life Sciences,1,1015,1,Male,98,1,5,Sales Executive,2,Divorced,2476,20945,8,Y,Yes,22,3,2,80,1,14,6,2,9,1,5,8,Yes
38,Non-Travel,679,Sales,4,3,Life Sciences,1,1016,1,Female,92,1,5,Human Resources,4,Married,11320,17852,6,Y,Yes,21,3,2,80,0,7,5,2,21,5,0,3,No
30,Travel_Rarely,422,Research & Development,4,5,Marketing,1,1017,2,Male,31,2,3,Laboratory Technician,3,Married,1009,22793,8,Y,No,12,4,4,80,1,22,4,4,5,5,6,8,No
32,Travel_Rarely,1024,Research & Development,28,4,Life Sciences,1,1018,4,Male,83,1,1,Sales Executive,4,Married,8675,20399,1,Y,No,18,3,3,80,1,14,2,2,0,0,0,8,No
33,Travel_Frequently,670,Research & Development,25,2,Medical,1,1019,1,Male,45,2,3,Sales Executive,2,Divorced,6723,6053,5,Y,No,15,3,2,80,0,5,4,2,7,3,8,0,Yes
40,Travel_Frequently,1203,Research & Development,13,3,Life Sciences,1,1020,1,Male,84,1,3,Sales Representative,3,Single,14388,25318,4,Y,No,22,3,3,80,1,4,6,1,1,0,2,1,No
41,Travel_Rarely,1319,Research & Development,23,5,Medical,1,1021,1,Female,72,1,2,Sales Representative,3,Single,8059,15988,1,Y,No,18,3,2,80,1,26,2,4,8,0,5,2,No
31,Travel_Rarely,1410,Research & Development,19,1,Human Resources,1,1022,4,Male,90,3,4,Laboratory Technician,4,Divorced,1009,6942,3,Y,Yes,15,3,4,80,0,7,4,2,2,5,1,8,No
36,Travel_Rarely,628,Sales,10,5,Life Sciences,1,1023,1,Male,67,3,4,Sales Executive,4,Divorced,11290,26101,3,Y,No,16,3,1,80,1,17,4,1,7,0,0,4,No
56,Travel_Frequently,625,Research & Development,5,4,Life Sciences,1,1024,3,Male,74,1,2,Manager,2,Married,4429,21846,7,Y,Yes,23,3,3,80,0,14,1,4,0,1,0,8,Yes
52,Travel_Frequently,714,Research & Development,7,3,Marketing,1,1025,2,Female,80,2,3,Research Scientist,3,Married,4207,13271,6,Y,No,20,3,1,80,0,16,1,3,5,4,3,3,No
40,Travel_Rarely,1281,Research & Development,24,1,Life Sciences,1,1026,3,Female,71,1,2,Research Scientist,3,Single,6637,17784,4,Y,Yes,24,3,4,80,1,26,6,2,0,4,11,8,No
37,Travel_Rarely,1465,Human Resources,16,4,Life Sciences,1,1027,4,Male,53,3,5,Manufacturing Director,2,Married,3798,26350,8,Y,Yes,15,4,4,80,0,19,0,3,14,9,6,5,No
37,Non-Travel,226,Sales,1,2,Marketing,1,1028,1,Female,59,1,2,Research Scientist,4,Divorced,14935,2773,0,Y,Yes,21,4,4,80,1,17,5,4,2,0,2,3,No
42,Travel_Frequently,972,Research & Development,12,3,Human Resources,1,1029,2,Male,66,3,2,Manufacturing Director,1,Single,10284,25984,3,Y,No,13,3,2,80,0,9,6,4,10,8,5,8,No
27,Non-Travel,381,Research & Development,2,4,Other,1,1030,1,Male,82,1,5,Sales Representative,1,Married,1123,19225,4,Y,Yes,20,3,2,80,0,6,1,1,8,6,2,2,No
34,Travel_Frequently,1018,Research & Development,7,4,Life Sciences,1,1031,4,Female,92,4,4,Manager,3,Divorced,3080,19799,7,Y,No,18,4,2,80,1,30,2,2,8,6,1,11,No
21,Travel_Rarely,723,Sales,11,1,Life Sciences,1,1032,2,Male,40,1,5,Research Scientist,3,Married,1009,26405,2,Y,No,13,3,2,80,1,10,1,2,9,2,2,0,No
40,Travel_Rarely,947,Research & Development,13,2,Life Sciences,1,1033,3,Female,52,2,1,Research Scientist,4,Married,11048,22226,4,Y,No,14,3,3,80,1,10,0,1,10,0,0,2,No
42,Travel_Rarely,775,Research & Development,2,4,Marketing,1,1034,2,Male,79,3,2,Research Scientist,1,Married,6185,18036,2,Y,No,16,3,4,80,0,13,3,3,14,4,2,4,No
32,Travel_Rarely,1253,Sales,7,3,Marketing,1,1035,1,Female,84,4,2,Research Scientist,3,Divorced,1909,24340,6,Y,No,12,3,3,80,2,12,2,4,12,0,3,1,Yes
51,Travel_Rarely,415,Research & Development,15,4,Technical Degree,1,1036,2,Male,84,3,4,Laboratory Technician,4,Divorced,13887,14436,9,Y,No,24,3,2,80,3,23,3,1,16,0,1,5,No
25,Travel_Rarely,433,Research & Development,25,5,Life Sciences,1,1037,4,Male,33,3,3,Research Scientist,1,Married,8872,6883,2,Y,No,17,3,1,80,1,15,2,4,0,4,0,3,No
23,Travel_Rarely,1275,Research & Development,11,3,Other,1,1038,4,Female,83,2,5,Sales Executive,2,Divorced,7371,2627,6,Y,No,15,4,3,80,1,1,5,3,0,7,0,5,Yes
38,Travel_Frequently,137,Research & Development,2,3,Life Sciences,1,1039,2,Male,90,1,3,Sales Executive,3,Divorced,7150,20296,1,Y,No,22,3,1,80,1,6,5,3,17,0,1,0,Yes
46,Travel_Rarely,1147,Research & Development,7,4,Life Sciences,1,1040,4,Male,34,2,1,Research Scientist,2,Divorced,1009,17628,6,Y,No,20,3,2,80,0,11,5,3,10,8,2,0,No
52,Non-Travel,307,Research & Development,4,1,Marketing,1,1041,4,Male,47,1,5,Laboratory Technician,1,Married,9128,20819,8,Y,No,23,4,3,80,0,19,0,2,0,0,0,3,Yes
32,Travel_Rarely,740,Research & Development,11,3,Life Sciences,1,1042,4,Male,73,4,1,Laboratory Technician,4,Married,4531,8788,4,Y,No,15,3,3,80,0,0,1,4,5,3,3,6,No
46,Travel_Rarely,949,Sales,2,5,Medical,1,1043,3,Male,60,2,1,Laboratory Technician,4,Single,10592,7100,5,Y,No,15,3,3,80,3,15,3,4,10,3,0,10,Yes
36,Travel_Rarely,1481,Sales,16,1,Medical,1,1044,1,Male,50,2,1,Healthcare Representative,1,Single,9504,6639,9,Y,No,23,3,1,80,0,17,3,1,6,2,2,0,Yes
35,Travel_Rarely,541,Research & Development,7,1,Human Resources,1,1045,4,Female,76,3,5,Healthcare Representative,2,Married,6212,11754,2,Y,Yes,23,3,2,80,1,18,1,4,10,3,5,3,No
44,Travel_Frequently,830,Research & Development,13,1,Marketing,1,1046,2,Male,59,2,5,Laboratory Technician,4,Single,5880,25705,9,Y,Yes,12,3,4,80,0,10,0,2,0,4,7,5,No
42,Travel_Frequently,1221,Sales,5,3,Marketing,1,1047,4,Female,84,1,4,Sales Executive,3,Married,14296,7001,4,Y,No,21,3,4,80,1,19,1,1,6,8,1,5,No
22,Travel_Rarely,1042,Research & Development,17,1,Other,1,1048,3,Male,97,2,2,Laboratory Technician,2,Married,1009,26456,4,Y,No,23,3,2,80,0,4,4,3,7,3,4,0,Yes
50,Travel_Rarely,265,Research & Development,21,4,Life Sciences,1,1049,2,Male,98,2,3,Research Scientist,2,Divorced,3805,6579,2,Y,Yes,22,3,3,80,1,18,4,4,2,0,2,1,No
49,Travel_Rarely,249,Sales,12,1,Other,1,1050,1,Male,70,4,3,Sales Executive,3,Divorced,11841,3329,7,Y,No,20,3,4,80,0,10,5,2,5,0,5,4,No
31,Travel_Rarely,395,Research & Development,28,5,Other,1,1051,2,Male,74,1,1,Human Resources,1,Married,13480,13000,5,Y,No,19,3,3,80,2,11,4,2,4,5,1,13,No
40,Non-Travel,296,Sales,19,2,Medical,1,1052,2,Male,59,3,5,Research Scientist,4,Married,5851,11994,2,Y,No,13,3,2,80,2,11,3,4,0,7,3,7,No
41,Travel_Frequently,764,Research & Development,7,5,Medical,1,1053,2,Male,74,1,5,Manufacturing Director,2,Married,3213,17988,0,Y,No,22,3,1,80,1,16,5,2,3,1,0,5,No
39,Travel_Rarely,581,Research & Development,6,3,Life Sciences,1,1054,2,Male,74,4,1,Laboratory Technician,4,Single,3308,26133,9,Y,No,17,3,3,80,0,2,3,3,8,7,5,0,No
31,Travel_Frequently,224,Research & Development,8,1,Life Sciences,1,1055,4,Male,74,1,2,Sales Executive,4,Single,1009,3239,0,Y,No,15,3,1,80,0,18,0,4,1,12,2,0,No
30,Travel_Rarely,800,Sales,13,1,Life Sciences,1,1056,1,Male,84,1,3,Sales Executive,2,Divorced,15908,25898,9,Y,No,20,3,1,80,2,18,2,4,2,8,0,0,No
36,Non-Travel,1066,Research & Development,5,4,Medical,1,1057,4,Male,88,2,4,Manufacturing Director,1,Single,5804,16570,1,Y,No,20,3,2,80,0,8,1,4,0,1,3,5,No
47,Travel_Rarely,762,Research & Development,2,1,Medical,1,1058,3,Female,34,2,2,Research Scientist,2,Divorced,8684,3569,9,Y,No,15,3,2,80,0,11,6,1,15,7,6,3,No
41,Travel_Frequently,1229,Research & Development,9,5,Medical,1,1059,3,Male,61,1,5,Research Scientist,1,Divorced,8732,21399,4,Y,No,14,4,1,80,1,4,6,3,12,7,0,1,No
33,Travel_Frequently,811,Sales,11,3,Life Sciences,1,1060,2,Male,35,1,1,Research Director,3,Married,13474,12141,6,Y,No,20,3,1,80,0,2,6,2,14,4,0,5,No
43,Travel_Rarely,497,Research & Development,24,2,Life Sciences,1,1061,4,Male,55,3,3,Laboratory Technician,1,Divorced,4529,14250,0,Y,No,16,3,4,80,0,12,2,4,9,7,0,0,Yes
18,Travel_Frequently,1013,Research & Development,6,1,Medical,1,1062,4,Male,66,4,1,Sales Executive,1,Married,4860,24157,0,Y,Yes,17,3,4,80,1,12,3,4,8,6,0,1,No
47,Travel_Rarely,1462,Research & Development,26,2,Marketing,1,1063,1,Male,42,2,5,Research Scientist,2,Divorced,10405,17770,3,Y,No,17,3,2,80,0,8,1,2,5,8,0,3,Yes
21,Travel_Rarely,1106,Research & Development,7,1,Other,1,1064,1,Female,98,2,1,Laboratory Technician,4,Divorced,1009,26174,9,Y,No,21,4,3,80,0,1,3,3,14,6,1,10,No
33,Travel_Rarely,1267,Research & Development,25,3,Medical,1,1065,1,Female,54,2,3,Research Scientist,4,Single,13504,23893,5,Y,No,22,3,1,80,1,14,0,2,7,6,2,7,No
26,Non-Travel,418,Research & Development,7,5,Life Sciences,1,1066,4,Female,42,2,1,Sales Executive,1,Married,14669,23416,8,Y,No,18,4,3,80,0,8,5,2,0,0,0,5,Yes
25,Travel_Frequently,782,Sales,19,3,Medical,1,1067,1,Female,49,1,3,Laboratory Technician,1,Married,7655,3698,0,Y,No,15,3,1,80,1,5,1,4,0,4,3,2,Yes
47,Travel_Rarely,1435,Research & Development,6,2,Marketing,1,1068,1,Male,89,1,1,Sales Executive,2,Single,2092,17026,9,Y,Yes,17,3,2,80,0,21,3,1,9,1,2,4,No
32,Travel_Frequently,596,Sales,11,1,Medical,1,1069,1,Male,50,3,1,Manufacturing Director,1,Divorced,10509,15687,4,Y,No,22,3,3,80,1,3,4,1,1,8,2,8,No
40,Travel_Rarely,657,Research & Development,11,2,Other,1,1070,2,Female,90,2,3,Manufacturing Director,2,Married,5602,13565,8,Y,No,24,3,2,80,0,15,6,1,7,0,0,10,No
36,Non-Travel,711,Sales,7,5,Other,1,1071,3,Male,55,2,1,Sales Executive,3,Married,7168,7141,7,Y,No,14,3,1,80,0,0,4,1,11,0,8,3,No
41,Travel_Rarely,210,Research & Development,2,3,Medical,1,1072,3,Male,83,1,2,Research Scientist,1,Single,7526,12290,6,Y,Yes,19,3,2,80,0,0,3,1,1,0,4,5,Yes
37,Travel_Rarely,473,Sales,19,2,Medical,1,1073,4,Female,71,3,4,Research Scientist,3,Married,3405,10269,9,Y,No,15,3,3,80,0,15,2,4,5,3,0,7,No
25,Travel_Rarely,956,Research & Development,4,2,Other,1,1074,4,Female,40,1,2,Laboratory Technician,1,Divorced,8132,26097,1,Y,No,13,3,4,80,2,8,5,1,5,0,0,5,No
45,Travel_Frequently,717,Research & Development,26,5,Medical,1,1075,2,Male,66,2,4,Research Scientist,1,Married,1009,24595,8,Y,No,15,3,2,80,0,2,0,2,1,0,0,0,Yes
32,Travel_Frequently,869,Sales,6,1,Life Sciences,1,1076,3,Male,40,2,2,Research Scientist,3,Divorced,1009,26407,7,Y,No,19,3,3,80,1,18,0,4,0,6,2,1,Yes
22,Travel_Rarely,307,Sales,17,2,Human Resources,1,1077,1,Female,56,4,4,Human Resources,3,Married,8212,17077,9,Y,Yes,23,3,2,80,2,14,6,2,0,0,6,6,Yes
33,Travel_Rarely,948,Sales,25,5,Marketing,1,1078,1,Female,63,4,1,Sales Executive,2,Single,11405,3930,9,Y,No,23,3,2,80,1,0,3,1,0,7,0,2,Yes
50,Travel_Frequently,144,Research & Development,5,1,Life Sciences,1,1079,4,Female,67,4,3,Human Resources,2,Married,4086,24382,8,Y,No,21,3,4,80,0,18,0,3,5,0,0,10,No
44,Travel_Rarely,966,Research & Development,28,1,Other,1,1080,3,Female,90,3,3,Sales Executive,3,Single,3822,16086,8,Y,No,18,3,3,80,0,3,1,1,5,0,3,2,No
33,Travel_Rarely,1370,Research & Development,7,3,Life Sciences,1,1081,4,Male,82,1,5,Research Scientist,1,Single,9543,8570,8,Y,No,11,3,3,80,2,0,0,4,3,0,0,0,No
33,Non-Travel,1412,Sales,9,5,Life Sciences,1,1082,4,Male,94,2,4,Laboratory Technician,2,Single,6402,18163,2,Y,No,15,3,3,80,1,4,4,2,0,0,2,7,No
33,Travel_Rarely,1480,Research & Development,25,1,Life Sciences,1,1083,1,Male,32,2,5,Sales Executive,1,Divorced,3839,25751,6,Y,No,16,4,1,80,1,10,3,3,13,0,1,2,No
55,Travel_Rarely,886,Research & Development,1,3,Medical,1,1084,1,Male,96,3,5,Sales Executive,4,Divorced,7934,11410,0,Y,No,23,4,2,80,0,11,1,3,3,3,1,3,No
40,Travel_Rarely,577,Research & Development,1,4,Marketing,1,1085,3,Female,57,2,4,Research Scientist,2,Single,6529,19860,8,Y,Yes,20,3,4,80,2,0,6,3,22,4,5,7,No
40,Travel_Frequently,184,Research & Development,19,5,Other,1,1086,4,Female,43,2,3,Human Resources,2,Married,1009,12056,8,Y,No,23,3,3,80,1,0,0,2,12,9,4,0,No
46,Travel_Rarely,1235,Sales,6,4,Other,1,1087,2,Male,81,1,4,Research Scientist,2,Single,5988,5494,2,Y,No,21,4,4,80,0,5,6,4,0,2,2,4,Yes
39,Non-Travel,291,Sales,18,1,Life Sciences,1,1088,3,Male,59,4,1,Laboratory Technician,4,Divorced,7359,26534,4,Y,Yes,12,3,1,80,1,5,4,3,14,5,0,0,Yes
34,Travel_Rarely,901,Sales,10,5,Life Sciences,1,1089,4,Male,87,4,5,Healthcare Representative,3,Married,3991,16023,7,Y,Yes,24,3,1,80,0,17,5,2,2,0,1,4,No
35,Travel_Rarely,1037,Sales,28,3,Life Sciences,1,1090,3,Female,83,3,5,Healthcare Representative,1,Married,10851,26704,5,Y,Yes,16,4,4,80,0,8,2,2,1,0,4,0,Yes
36,Travel_Frequently,352,Sales,11,1,Marketing,1,1091,3,Male,98,4,4,Manufacturing Director,4,Married,8771,20682,9,Y,No,24,3,3,80,1,17,0,1,5,8,0,1,No
36,Travel_Frequently,392,Sales,1,5,Technical Degree,1,1092,3,Male,44,4,5,Research Scientist,3,Married,5197,21822,9,Y,No,19,3,4,80,0,19,6,2,13,9,1,7,No
43,Travel_Rarely,1326,Research & Development,1,5,Other,1,1093,2,Male,67,3,3,Sales Executive,2,Single,7128,21492,8,Y,No,24,3,3,80,1,15,4,4,10,9,2,8,No
37,Travel_Frequently,427,Research & Development,13,4,Medical,1,1094,2,Male,43,3,5,Research Scientist,3,Single,4730,26397,2,Y,Yes,14,3,3,80,0,0,5,4,8,3,2,0,No
43,Travel_Rarely,938,Research & Development,5,1,Technical Degree,1,1095,1,Female,86,4,4,Sales Executive,3,Single,5445,14588,6,Y,No,13,3,1,80,0,8,5,3,1,0,0,0,No
36,Travel_Rarely,609,Research & Development,20,3,Life Sciences,1,1096,1,Male,88,1,3,Sales Executive,3,Married,5618,12066,5,Y,Yes,19,3,4,80,1,10,4,2,12,1,3,4,Yes
37,Travel_Rarely,832,Research & Development,1,3,Marketing,1,1097,4,Male,37,3,3,Sales Executive,1,Divorced,1009,3722,4,Y,No,12,3,1,80,3,10,4,2,0,3,3,1,No
18,Travel_Frequently,173,Sales,20,1,Medical,1,1098,3,Male,48,2,5,Research Director,3,Single,6628,8858,3,Y,No,22,4,2,80,0,0,6,1,13,2,0,7,Yes
45,Travel_Rarely,1372,Research & Development,3,1,Other,1,1099,4,Male,61,3,4,Research Director,3,Single,7996,11615,4,Y,No,19,3,1,80,0,5,4,1,9,4,0,0,No
40,Travel_Rarely,742,Sales,18,2,Life Sciences,1,1100,1,Female,58,2,5,Sales Executive,3,Divorced,18069,7839,3,Y,No,21,3,3,80,1,0,2,2,3,6,2,1,No
45,Travel_Rarely,1041,Research & Development,9,4,Medical,1,1101,2,Male,70,3,1,Sales Executive,3,Single,8567,11845,2,Y,No,20,3,4,80,0,4,3,2,19,0,6,10,No
18,Travel_Frequently,709,Research & Development,14,1,Marketing,1,1102,1,Male,74,3,1,Sales Executive,4,Single,3431,3384,6,Y,Yes,21,3,2,80,0,9,4,2,12,11,5,5,No
55,Travel_Rarely,667,Human Resources,27,1,Life Sciences,1,1103,4,Female,42,4,3,Research Scientist,4,Divorced,1009,25488,5,Y,No,21,3,2,80,0,5,3,1,10,4,0,6,No
35,Travel_Frequently,1469,Sales,17,2,Other,1,1104,1,Male,56,4,5,Sales Executive,3,Married,1535,21064,3,Y,No,12,3,2,80,0,4,5,1,7,9,0,3,No
46,Travel_Rarely,155,Sales,23,2,Life Sciences,1,1105,4,Female,48,4,1,Research Director,3,Married,4153,8217,8,Y,Yes,24,3,2,80,0,9,2,4,0,5,0,0,Yes
27,Travel_Rarely,629,Research & Development,14,5,Technical Degree,1,1106,4,Male,55,1,2,Sales Executive,3,Married,4237,7024,0,Y,No,23,3,4,80,0,7,6,3,7,11,7,9,No
42,Travel_Rarely,712,Sales,4,3,Other,1,1107,4,Male,82,4,1,Sales Executive,2,Married,5384,4644,0,Y,No,21,3,3,80,0,12,5,3,16,0,2,4,No
27,Travel_Frequently,294,Research & Development,5,4,Marketing,1,1108,4,Female,80,4,5,Sales Executive,3,Single,4609,19433,8,Y,Yes,24,3,2,80,1,8,2,3,0,2,2,7,No
31,Non-Travel,159,Research & Development,26,5,Life Sciences,1,1109,1,Female,66,3,5,Human Resources,3,Married,5414,10865,6,Y,No,20,3,3,80,0,0,5,3,10,2,0,3,No
54,Travel_Rarely,1236,Research & Development,21,1,Life Sciences,1,1110,4,Male,38,3,1,Research Director,4,Married,4515,12223,1,Y,No,13,3,1,80,2,3,1,1,15,4,2,4,No
35,Travel_Rarely,230,Human Resources,17,2,Life Sciences,1,1111,4,Male,81,1,5,Healthcare Representative,4,Divorced,6586,18434,9,Y,No,23,4,3,80,1,8,1,1,15,4,0,2,No
38,Travel_Rarely,807,Human Resources,22,3,Life Sciences,1,1112,3,Male,83,2,5,Laboratory Technician,4,Divorced,2254,20475,4,Y,No,17,3,2,80,0,7,4,2,1,5,0,4,No
44,Travel_Rarely,953,Sales,25,5,Life Sciences,1,1113,4,Male,32,3,2,Sales Executive,1,Married,1009,9077,3,Y,No,12,3,1,80,3,0,3,4,3,4,2,2,No
41,Travel_Rarely,1451,Research & Development,2,3,Other,1,1114,1,Male,98,3,3,Research Scientist,2,Married,5381,11951,0,Y,No,11,4,1,80,0,16,5,4,7,6,2,0,Yes
38,Travel_Rarely,109,Research & Development,23,2,Life Sciences,1,1115,4,Female,37,2,5,Laboratory Technician,3,Single,8539,25607,8,Y,Yes,19,3,1,80,0,13,2,3,9,2,0,3,No
40,Travel_Rarely,130,Research & Development,22,5,Other,1,1116,2,Male,43,1,4,Healthcare Representative,4,Single,1240,4224,5,Y,No,16,4,2,80,0,6,0,2,14,5,3,6,No
58,Travel_Rarely,1237,Sales,5,5,Life Sciences,1,1117,2,Male,32,3,3,Research Scientist,1,Married,3799,25687,5,Y,No,19,3,3,80,1,10,1,2,5,14,0,8,No
36,Travel_Rarely,1048,Research & Development,4,3,Other,1,1118,4,Male,53,4,3,Research Scientist,3,Married,5813,24777,3,Y,No,22,3,4,80,1,2,1,1,12,4,1,0,No
38,Travel_Frequently,232,Human Resources,4,2,Medical,1,1119,2,Male,42,1,4,Laboratory Technician,3,Married,5699,5834,1,Y,No,13,3,3,80,0,17,5,2,0,0,0,7,Yes
46,Travel_Rarely,289,Research & Development,6,1,Medical,1,1120,2,Female,72,2,1,Research Scientist,4,Married,10038,20978,7,Y,No,13,3,2,80,0,27,6,4,5,1,1,1,No
46,Travel_Rarely,810,Research & Development,20,5,Human Resources,1,1121,1,Male,58,2,2,Laboratory Technician,3,Divorced,10917,25929,7,Y,No,20,3,2,80,1,6,0,4,12,2,1,0,Yes
47,Travel_Frequently,1489,Sales,21,1,Life Sciences,1,1122,3,Male,80,4,5,Research Scientist,3,Divorced,7543,7401,2,Y,No,22,3,1,80,0,20,3,2,12,1,9,0,No
42,Travel_Rarely,1329,Research & Development,13,2,Other,1,1123,2,Female,71,4,1,Sales Executive,3,Married,12184,14998,6,Y,Yes,13,3,3,80,0,4,3,1,1,4,0,13,Yes
26,Travel_Rarely,313,Research & Development,22,5,Other,1,1124,2,Male,60,4,4,Research Scientist,4,Single,4765,8861,6,Y,No,12,3,2,80,1,7,3,4,13,7,2,6,Yes
51,Travel_Rarely,377,Research & Development,5,5,Other,1,1125,3,Male,92,1,2,Research Director,1,Divorced,10448,19975,4,Y,No,23,3,2,80,1,22,4,1,0,0,11,0,No
26,Travel_Rarely,1198,Research & Development,23,1,Medical,1,1126,3,Male,55,2,2,Research Scientist,3,Divorced,3618,15676,4,Y,No,21,3,4,80,0,10,4,1,14,0,4,2,Yes
39,Travel_Rarely,344,Sales,25,4,Other,1,1127,2,Female,47,4,2,Research Scientist,1,Single,7891,5238,7,Y,No,16,4,3,80,0,16,6,4,5,13,2,0,No
30,Travel_Rarely,1227,Research & Development,26,1,Other,1,1128,4,Female,86,4,4,Sales Executive,3,Married,9527,12237,3,Y,No,13,3,1,80,2,9,5,1,4,0,4,0,No
36,Non-Travel,1088,Research & Development,23,1,Other,1,1129,2,Male,36,2,1,Manufacturing Director,4,Divorced,6763,11745,0,Y,No,15,3,1,80,0,0,0,3,5,9,4,0,No
39,Travel_Rarely,786,Research & Development,7,4,Human Resources,1,1130,4,Male,77,3,5,Manager,1,Married,1964,10119,0,Y,Yes,23,4,1,80,1,29,5,3,9,6,0,0,Yes
39,Travel_Rarely,272,Research & Development,20,2,Technical Degree,1,1131,4,Female,89,1,2,Research Scientist,4,Married,1009,18770,8,Y,Yes,21,3,3,80,3,9,2,3,19,2,0,6,Yes
40,Travel_Rarely,754,Research & Development,1,2,Life Sciences,1,1132,4,Male,62,3,2,Research Scientist,2,Single,9117,10940,3,Y,Yes,15,3,2,80,2,12,0,2,14,1,2,7,Yes
51,Travel_Rarely,289,Research & Development,14,5,Life Sciences,1,1133,3,Male,32,4,1,Research Director,3,Married,5216,13270,0,Y,No,20,3,2,80,0,5,2,4,0,2,0,0,No
41,Travel_Rarely,1211,Sales,24,3,Marketing,1,1134,2,Female,33,1,2,Healthcare Representative,2,Married,5546,21282,1,Y,Yes,13,4,4,80,0,17,0,3,0,2,9,2,Yes
34,Travel_Frequently,153,Human Resources,4,3,Human Resources,1,1135,2,Male,33,3,2,Laboratory Technician,2,Single,13550,9698,9,Y,No,13,3,4,80,0,16,4,1,0,6,5,7,No
45,Travel_Rarely,212,Research & Development,17,5,Life Sciences,1,1136,1,Male,71,2,4,Research Scientist,2,Married,2052,9233,6,Y,No,11,3,2,80,2,0,3,3,8,0,5,4,No
47,Travel_Rarely,978,Research & Development,21,3,Life Sciences,1,1137,3,Female,38,4,3,Research Scientist,3,Single,9979,18305,1,Y,No,16,3,2,80,3,12,1,1,5,8,0,5,Yes
25,Travel_Rarely,1168,Research & Development,14,1,Technical Degree,1,1138,1,Male,80,1,1,Healthcare Representative,4,Married,3032,9922,0,Y,No,13,4,3,80,0,18,6,4,10,1,0,2,Yes
42,Travel_Rarely,312,Research & Development,16,1,Medical,1,1139,1,Male,46,1,1,Laboratory Technician,2,Divorced,5666,8297,9,Y,Yes,11,3,4,80,1,20,0,3,3,0,2,9,No
43,Non-Travel,1325,Research & Development,14,4,Life Sciences,1,1140,4,Male,46,1,1,Laboratory Technician,1,Married,1396,20099,8,Y,No,23,3,1,80,2,16,0,4,4,4,0,10,Yes
34,Travel_Rarely,959,Research & Development,16,4,Other,1,1141,3,Male,49,1,4,Sales Executive,3,Married,2999,9965,4,Y,No,24,3,1,80,0,17,6,3,0,12,0,6,No
49,Travel_Rarely,728,Sales,24,5,Technical Degree,1,1142,1,Male,43,4,4,Laboratory Technician,4,Married,8442,16756,3,Y,No,24,3,1,80,0,7,1,1,13,1,1,1,No
35,Travel_Rarely,1151,Research & Development,20,5,Marketing,1,1143,2,Male,51,4,5,Manager,4,Single,12581,6108,3,Y,Yes,23,3,1,80,0,1,6,1,3,4,2,0,No
38,Non-Travel,400,Sales,28,5,Medical,1,1144,1,Female,81,2,4,Research Director,2,Divorced,8490,13539,0,Y,No,20,4,2,80,0,8,0,2,1,4,10,10,No
35,Travel_Rarely,1202,Research & Development,8,1,Medical,1,1145,3,Female,56,2,1,Sales Executive,3,Single,7937,13132,2,Y,No,19,3,2,80,2,1,6,2,12,10,0,5,Yes
37,Travel_Rarely,1025,Sales,24,3,Life Sciences,1,1146,2,Male,72,2,5,Manufacturing Director,2,Single,18480,15166,0,Y,No,21,4,3,80,2,5,3,2,0,0,4,4,Yes
26,Travel_Frequently,238,Research & Development,3,5,Marketing,1,1147,2,Female,32,3,3,Laboratory Technician,1,Married,9134,15148,4,Y,No,11,3,1,80,0,5,5,3,10,7,6,6,Yes
23,Travel_Rarely,1145,Research & Development,25,5,Life Sciences,1,1148,2,Female,37,2,2,Sales Representative,4,Married,2111,5599,4,Y,Yes,15,3,2,80,0,3,1,4,2,0,0,4,Yes
51,Travel_Rarely,541,Research & Development,19,1,Technical Degree,1,1149,4,Female,39,4,2,Healthcare Representative,4,Married,1009,10804,8,Y,No,15,3,2,80,0,15,1,3,6,5,8,3,No
29,Travel_Rarely,312,Research & Development,1,1,Life Sciences,1,1150,2,Male,58,3,5,Human Resources,3,Single,8282,21163,7,Y,No,12,3,2,80,1,3,3,1,0,6,2,12,No
27,Travel_Rarely,853,Research & Development,2,1,Marketing,1,1151,4,Female,69,4,3,Human Resources,4,Divorced,1009,16512,4,Y,No,24,3,1,80,1,25,3,4,10,7,0,8,Yes
18,Travel_Rarely,536,Sales,15,3,Life Sciences,1,1152,4,Male,94,3,2,Research Scientist,3,Married,1793,18505,4,Y,No,24,4,2,80,1,19,1,1,19,0,6,10,No
31,Travel_Rarely,881,Research & Development,22,5,Other,1,1153,1,Male,50,2,5,Healthcare Representative,2,Single,7925,2359,6,Y,Yes,23,4,4,80,1,20,3,2,0,0,0,9,Yes
24,Travel_Rarely,1332,Research & Development,28,2,Life Sciences,1,1154,1,Male,53,2,4,Laboratory Technician,1,Married,11387,11592,1,Y,No,11,3,1,80,0,5,5,1,14,3,6,0,Yes
51,Travel_Rarely,540,Sales,10,2,Medical,1,1155,2,Female,89,2,1,Sales Executive,3,Single,5157,16826,6,Y,No,16,3,1,80,1,12,3,3,6,2,5,7,No
46,Travel_Rarely,767,Research & Development,18,5,Marketing,1,1156,3,Male,55,3,3,Sales Executive,2,Married,1009,25583,0,Y,No,17,3,4,80,3,3,5,1,10,0,0,5,No
30,Travel_Rarely,1167,Research & Development,22,5,Medical,1,1157,2,Male,38,4,2,Sales Executive,1,Married,5811,25384,4,Y,No,21,4,3,80,0,12,3,1,0,0,0,1,No
57,Non-Travel,512,Research & Development,14,5,Other,1,1158,1,Female,49,1,1,Manager,4,Divorced,5221,23553,5,Y,No,21,3,3,80,1,0,1,1,0,2,4,14,No
45,Travel_Rarely,907,Sales,17,5,Life Sciences,1,1159,2,Female,85,4,5,Research Scientist,1,Single,7053,24297,9,Y,Yes,19,3,1,80,0,19,0,4,7,10,0,4,No
33,Travel_Rarely,711,Research & Development,27,3,Technical Degree,1,1160,1,Female,65,2,2,Sales Representative,1,Single,1009,19288,0,Y,Yes,18,3,1,80,1,6,2,1,5,0,7,2,No
18,Travel_Rarely,528,Sales,13,2,Medical,1,1161,2,Male,65,3,1,Manufacturing Director,1,Single,2565,23154,8,Y,No,20,3,1,80,1,13,1,1,7,7,5,3,Yes
57,Non-Travel,1400,Sales,1,4,Medical,1,1162,3,Male,51,3,4,Manufacturing Director,4,Single,11310,21868,8,Y,No,13,3,4,80,1,15,6,2,0,0,0,6,No
24,Travel_Rarely,1003,Research & Development,5,2,Marketing,1,1163,2,Female,30,2,3,Research Scientist,3,Single,10077,16243,0,Y,No,19,3,2,80,2,6,2,2,10,1,1,5,No
21,Travel_Rarely,1043,Research & Development,26,2,Medical,1,1164,3,Male,98,3,5,Laboratory Technician,3,Married,11971,2704,3,Y,No,11,3,4,80,0,5,3,3,9,0,3,2,No
46,Travel_Rarely,843,Research & Development,13,1,Other,1,1165,3,Female,66,2,2,Research Scientist,1,Single,1009,14574,7,Y,No,23,4,2,80,1,10,3,2,13,12,0,7,No
59,Travel_Rarely,1494,Sales,27,5,Medical,1,1166,2,Male,42,4,4,Research Scientist,2,Married,2335,23024,1,Y,No,16,3,2,80,0,17,0,1,8,7,5,4,No
49,Travel_Rarely,1345,Research & Development,25,5,Medical,1,1167,3,Female,72,3,3,Manager,2,Married,11157,15587,7,Y,No,23,3,3,80,1,10,3,2,20,6,4,3,No
42,Travel_Rarely,1357,Research & Development,14,5,Marketing,1,1168,3,Male,66,1,3,Manufacturing Director,1,Single,9283,7121,9,Y,No,24,3,4,80,0,16,6,4,19,6,4,3,Yes
42,Travel_Rarely,429,Research & Development,24,1,Marketing,1,1169,1,Male,54,3,4,Sales Executive,1,Married,8414,15732,8,Y,No,20,3,4,80,1,17,2,3,7,1,1,0,No
44,Non-Travel,153,Research & Development,3,3,Life Sciences,1,1170,1,Female,50,2,2,Manager,2,Single,4796,7818,8,Y,No,12,3,1,80,0,9,1,2,6,4,0,0,No
43,Travel_Rarely,477,Sales,15,3,Life Sciences,1,1171,3,Male,70,1,3,Sales Executive,1,Married,3585,2296,0,Y,Yes,20,3,4,80,0,10,1,3,1,0,6,0,No
39,Travel_Rarely,364,Research & Development,19,4,Life Sciences,1,1172,4,Male,71,2,5,Research Scientist,1,Married,6651,2495,8,Y,No,19,3,2,80,0,12,6,3,0,13,7,0,Yes
37,Travel_Rarely,368,Research & Development,17,3,Life Sciences,1,1173,2,Female,71,3,1,Laboratory Technician,3,Single,4391,4121,3,Y,No,19,3,2,80,3,20,5,3,5,0,5,5,No
36,Travel_Rarely,460,Sales,3,3,Medical,1,1174,3,Male,31,1,5,Sales Executive,3,Married,8982,16049,7,Y,No,18,3,4,80,0,8,0,4,3,1,5,0,No
30,Travel_Rarely,1442,Sales,16,5,Technical Degree,1,1175,2,Male,97,1,3,Manufacturing Director,1,Single,6674,16901,8,Y,No,23,3,3,80,0,20,6,1,2,9,2,2,No
34,Travel_Rarely,1449,Sales,14,2,Life Sciences,1,1176,1,Male,37,3,1,Manufacturing Director,1,Divorced,1935,11175,2,Y,Yes,21,3,3,80,0,13,2,4,9,3,0,3,Yes
21,Travel_Rarely,753,Sales,12,3,Other,1,1177,2,Male,90,1,4,Manufacturing Director,4,Divorced,9484,2272,5,Y,Yes,17,3,1,80,0,5,3,3,0,6,4,0,No
36,Travel_Frequently,147,Research & Development,28,3,Technical Degree,1,1178,3,Male,43,4,1,Sales Executive,3,Single,12395,7911,2,Y,Yes,24,3,1,80,0,10,4,2,0,3,0,2,Yes
27,Non-Travel,701,Research & Development,12,1,Marketing,1,1179,3,Female,50,1,1,Research Scientist,1,Married,12708,4073,0,Y,No,16,3,2,80,1,2,0,2,0,1,5,4,No
26,Travel_Rarely,821,Sales,11,4,Other,1,1180,3,Female,53,1,1,Research Scientist,4,Single,9665,9279,9,Y,Yes,12,3,4,80,0,0,0,4,0,1,3,1,Yes
38,Travel_Rarely,1394,Sales,17,1,Marketing,1,1181,3,Male,79,4,3,Human Resources,4,Single,9729,6078,5,Y,No,24,3,2,80,1,16,4,2,3,7,0,0,No
49,Non-Travel,702,Research & Development,8,5,Other,1,1182,4,Male,74,2,2,Sales Executive,4,Single,1042,24143,4,Y,No,14,3,2,80,0,17,6,3,11,5,2,1,No
45,Travel_Frequently,482,Research & Development,17,2,Life Sciences,1,1183,4,Female,93,2,3,Laboratory Technician,4,Divorced,3344,23499,2,Y,Yes,20,3,4,80,0,11,1,3,18,8,0,7,No
22,Travel_Frequently,219,Research & Development,21,4,Life Sciences,1,1184,4,Female,93,4,2,Sales Representative,3,Married,5708,24000,3,Y,No,17,3,2,80,1,11,5,1,0,8,0,2,No
27,Travel_Rarely,217,Research & Development,25,1,Life Sciences,1,1185,3,Male,55,1,4,Healthcare Representative,4,Divorced,9285,12330,1,Y,No,24,3,2,80,0,6,1,3,12,6,0,4,No
45,Travel_Rarely,361,Research & Development,23,3,Life Sciences,1,1186,4,Female,61,3,4,Manager,3,Married,3678,23990,9,Y,No,23,4,3,80,0,12,1,2,1,7,0,2,No
27,Travel_Rarely,1200,Sales,20,3,Technical Degree,1,1187,2,Female,86,4,4,Human Resources,4,Single,5057,5077,9,Y,No,16,3,1,80,0,26,4,1,7,6,0,3,No
34,Travel_Rarely,406,Sales,11,4,Marketing,1,1188,3,Male,82,3,4,Research Scientist,4,Married,9130,16729,3,Y,No,19,3,3,80,0,19,3,2,10,5,6,7,No
41,Travel_Rarely,108,Research & Development,25,3,Other,1,1189,1,Male,62,2,4,Research Scientist,2,Divorced,7144,10636,3,Y,No,23,3,1,80,1,10,3,4,15,3,4,0,Yes
28,Travel_Rarely,467,Research & Development,25,1,Other,1,1190,3,Male,81,4,5,Sales Executive,3,Divorced,8069,6376,2,Y,No,23,3,1,80,1,10,5,1,21,0,8,12,No
37,Travel_Rarely,624,Research & Development,2,1,Life Sciences,1,1191,2,Female,47,3,3,Sales Executive,2,Married,2843,13704,5,Y,Yes,15,3,1,80,1,8,5,3,13,1,1,5,Yes
24,Travel_Rarely,1473,Research & Development,10,3,Medical,1,1192,4,Female,64,1,2,Laboratory Technician,2,Married,4993,24006,0,Y,No,22,3,3,80,0,0,2,1,4,9,0,4,Yes
31,Travel_Rarely,1340,Research & Development,10,3,Marketing,1,1193,3,Female,41,4,4,Sales Executive,4,Single,4293,14116,8,Y,No,22,3,4,80,0,7,2,3,0,5,2,0,No
39,Non-Travel,530,Sales,11,5,Life Sciences,1,1194,4,Male,80,3,5,Healthcare Representative,3,Single,6495,10082,9,Y,No,16,3,2,80,0,16,1,3,8,2,0,6,No
22,Travel_Rarely,892,Research & Development,28,2,Life Sciences,1,1195,3,Female,39,4,5,Sales Executive,1,Married,4464,14690,2,Y,Yes,20,3,4,80,1,4,4,2,10,8,3,10,Yes
40,Travel_Frequently,848,Sales,6,4,Medical,1,1196,2,Female,81,4,5,Research Scientist,4,Divorced,3826,25753,2,Y,No,16,3,4,80,0,9,5,3,0,2,0,1,No
36,Travel_Rarely,468,Sales,4,1,Other,1,1197,3,Female,63,2,3,Healthcare Representative,3,Married,7087,12510,2,Y,No,24,3,1,80,0,2,0,3,11,6,2,0,No
41,Travel_Rarely,414,Research & Development,24,4,Life Sciences,1,1198,4,Male,96,2,4,Research Scientist,2,Divorced,16354,21265,6,Y,Yes,18,4,1,80,1,17,3,3,4,8,6,4,No
38,Non-Travel,639,Research & Development,12,5,Medical,1,1199,4,Female,68,1,5,Healthcare Representative,3,Single,9242,23104,7,Y,No,18,3,3,80,0,1,6,2,0,6,6,0,Yes
49,Travel_Rarely,1022,Human Resources,11,1,Other,1,1200,2,Male,37,2,5,Human Resources,4,Married,1009,25039,1,Y,Yes,16,4,3,80,3,15,4,3,7,8,6,2,No
38,Travel_Rarely,1179,Research & Development,23,5,Life Sciences,1,1201,3,Female,58,2,4,Manager,3,Divorced,8151,14629,0,Y,Yes,18,3,2,80,0,19,5,4,1,5,3,7,Yes
32,Travel_Rarely,966,Sales,23,5,Life Sciences,1,1202,1,Female,51,2,3,Research Scientist,2,Married,4079,24830,4,Y,No,17,3,4,80,1,8,2,2,0,0,5,10,Yes
38,Travel_Rarely,1289,Sales,27,3,Other,1,1203,3,Male,99,3,5,Sales Representative,3,Married,2076,14597,7,Y,No,11,3,4,80,0,5,5,4,8,8,2,7,No
41,Travel_Frequently,883,Research & Development,26,4,Technical Degree,1,1204,2,Female,90,4,2,Sales Executive,3,Married,9808,6902,2,Y,No,15,3,2,80,2,15,3,1,9,7,3,1,No
37,Non-Travel,435,Research & Development,25,4,Human Resources,1,1205,1,Male,72,2,1,Healthcare Representative,2,Married,6862,7982,5,Y,No,21,3,1,80,0,23,5,2,4,3,1,3,No
37,Travel_Rarely,899,Research & Development,13,3,Technical Degree,1,1206,2,Female,78,3,1,Sales Executive,4,Divorced,18185,7831,2,Y,No,20,3,3,80,0,21,3,4,8,2,0,2,No
30,Travel_Rarely,449,Research & Development,5,4,Medical,1,1207,3,Male,58,4,1,Sales Executive,1,Married,5962,4452,5,Y,No,20,3,2,80,0,10,4,2,13,4,3,4,Yes
30,Travel_Rarely,374,Research & Development,6,3,Other,1,1208,1,Female,60,2,3,Human Resources,2,Single,5436,7484,3,Y,No,23,3,4,80,3,4,5,3,12,0,7,7,No
24,Travel_Frequently,1064,Research & Development,1,1,Medical,1,1209,2,Female,82,2,5,Research Scientist,2,Married,12126,22694,6,Y,Yes,20,3,2,80,3,9,5,2,1,7,3,1,No
52,Travel_Rarely,821,Sales,6,5,Technical Degree,1,1210,4,Male,63,4,1,Manager,4,Single,6603,2500,9,Y,No,15,3,2,80,0,0,2,1,7,3,3,11,No
25,Travel_Rarely,601,Research & Development,18,5,Life Sciences,1,1211,1,Male,67,3,1,Research Scientist,4,Married,1530,22818,0,Y,Yes,20,3,4,80,1,6,4,4,2,0,4,0,No
30,Travel_Rarely,1218,Research & Development,22,4,Other,1,1212,1,Male,86,3,4,Manager,3,Single,2360,18543,0,Y,No,24,3,4,80,1,14,0,2,0,6,3,1,Yes
30,Travel_Rarely,786,Sales,9,2,Medical,1,1213,2,Male,33,1,5,Human Resources,2,Divorced,4956,2321,4,Y,Yes,19,3,3,80,0,8,3,3,10,5,1,1,No
45,Travel_Rarely,180,Research & Development,24,5,Medical,1,1214,4,Male,31,4,5,Laboratory Technician,3,Divorced,9590,15263,8,Y,Yes,17,3,3,80,0,6,6,4,13,7,4,12,Yes
34,Travel_Frequently,723,Research & Development,25,3,Life Sciences,1,1215,1,Female,41,1,4,Laboratory Technician,3,Single,12478,20662,4,Y,No,17,3,4,80,3,10,6,4,4,0,0,9,No
48,Travel_Rarely,1342,Human Resources,15,2,Other,1,1216,2,Female,64,3,5,Manufacturing Director,4,Single,10269,12527,3,Y,No,20,3,3,80,0,9,4,4,8,6,5,1,Yes
30,Travel_Rarely,1048,Sales,26,2,Marketing,1,1217,1,Female,99,2,2,Research Director,4,Married,9169,25278,7,Y,No,12,3,3,80,0,17,6,1,16,10,6,2,No
39,Travel_Frequently,459,Research & Development,8,5,Other,1,1218,1,Male,50,1,3,Research Scientist,3,Married,11655,26229,4,Y,No,18,3,3,80,0,0,4,3,13,4,2,3,No
29,Travel_Frequently,719,Sales,19,5,Marketing,1,1219,1,Female,90,3,4,Manufacturing Director,2,Single,9419,17807,0,Y,Yes,13,3,4,80,0,15,6,3,3,3,0,2,Yes
56,Travel_Rarely,608,Research & Development,24,5,Life Sciences,1,1220,4,Female,64,3,1,Research Scientist,2,Single,2254,11215,6,Y,No,19,3,1,80,1,10,0,4,6,0,9,7,No
26,Travel_Rarely,1306,Sales,16,3,Technical Degree,1,1221,3,Male,77,2,5,Sales Executive,3,Married,5462,24301,3,Y,No,16,3,1,80,0,14,4,2,2,4,0,5,No
39,Travel_Rarely,677,Sales,6,2,Other,1,1222,3,Male,44,4,2,Sales Executive,1,Married,4078,12889,9,Y,No,19,3,3,80,0,0,3,4,8,0,1,4,No
42,Travel_Rarely,1371,Research & Development,6,4,Other,1,1223,4,Male,44,3,2,Manufacturing Director,1,Single,12432,19658,4,Y,No,19,3,1,80,0,18,6,3,7,8,0,7,Yes
40,Travel_Rarely,345,Research & Development,22,3,Life Sciences,1,1224,4,Female,35,1,3,Sales Representative,4,Married,2013,17929,5,Y,No,17,3,3,80,0,15,1,1,0,12,6,5,No
35,Travel_Rarely,607,Sales,3,1,Life Sciences,1,1225,2,Male,97,2,2,Research Scientist,2,Divorced,2104,11325,6,Y,No,20,3,1,80,0,24,1,1,4,13,0,6,No
35,Travel_Rarely,523,Sales,10,5,Medical,1,1226,1,Female,51,4,5,Laboratory Technician,3,Single,7298,3195,1,Y,No,22,3,1,80,2,4,2,4,0,1,3,4,No
37,Travel_Frequently,1445,Research & Development,1,2,Other,1,1227,4,Male,61,4,5,Manufacturing Director,3,Married,15566,4193,0,Y,No,18,4,2,80,0,6,0,1,0,1,3,10,No
35,Travel_Rarely,1212,Research & Development,28,3,Other,1,1228,2,Female,51,4,2,Research Scientist,2,Single,9953,2607,2,Y,No,12,3,3,80,1,0,2,1,9,6,1,4,No
45,Travel_Rarely,318,Research & Development,14,1,Life Sciences,1,1229,3,Male,56,3,5,Sales Representative,4,Single,11395,13418,9,Y,No,15,3,1,80,0,4,1,2,7,3,0,3,No
57,Travel_Rarely,1403,Sales,4,3,Marketing,1,1230,3,Female,44,4,5,Research Scientist,4,Single,1298,17585,0,Y,No,13,3,1,80,1,22,0,1,12,4,3,6,No
31,Non-Travel,1110,Research & Development,26,3,Marketing,1,1231,3,Male,73,3,1,Sales Executive,1,Married,9643,15787,3,Y,No,11,3,2,80,0,13,4,2,7,13,7,6,No
24,Travel_Frequently,1294,Sales,12,4,Life Sciences,1,1232,3,Male,38,2,4,Sales Executive,2,Divorced,1277,18017,5,Y,No,23,4,1,80,1,5,4,4,5,0,1,4,No
36,Travel_Frequently,431,Sales,6,4,Medical,1,1233,2,Female,63,2,5,Sales Representative,2,Married,9935,3926,4,Y,Yes,16,4,2,80,2,12,3,3,18,5,0,0,No
60,Travel_Frequently,751,Research & Development,11,3,Marketing,1,1234,1,Female,44,4,5,Human Resources,3,Single,1009,12966,3,Y,No,23,3,1,80,0,10,5,3,4,5,0,9,Yes
29,Non-Travel,492,Research & Development,12,1,Medical,1,1235,2,Male,91,2,3,Research Scientist,2,Single,4906,12384,6,Y,Yes,22,4,2,80,0,0,1,2,4,7,1,8,Yes
51,Travel_Rarely,482,Research & Development,10,2,Life Sciences,1,1236,1,Male,74,1,4,Sales Executive,1,Married,1009,9231,5,Y,Yes,19,3,2,80,1,0,4,3,7,1,0,1,Yes
52,Travel_Rarely,1431,Research & Development,18,2,Medical,1,1237,3,Male,87,1,4,Laboratory Technician,2,Single,2341,13452,2,Y,Yes,12,3,4,80,0,19,0,4,2,9,1,5,Yes
31,Travel_Rarely,843,Research & Development,7,5,Life Sciences,1,1238,4,Male,48,3,4,Healthcare Representative,3,Married,1009,7901,8,Y,Yes,19,4,3,80,1,17,5,3,8,5,3,2,No
42,Travel_Frequently,921,Research & Development,7,5,Life Sciences,1,1239,4,Male,45,4,2,Manufacturing Director,1,Married,9560,17976,4,Y,No,18,3,4,80,0,0,5,1,2,1,0,6,No
51,Travel_Frequently,774,Human Resources,11,2,Life Sciences,1,1240,4,Female,37,3,1,Research Director,3,Divorced,6943,16953,9,Y,No,21,4,3,80,1,10,4,4,4,3,11,8,No
33,Travel_Rarely,614,Sales,4,3,Other,1,1241,1,Female,62,2,1,Manager,2,Single,4302,21594,0,Y,No,19,3,1,80,1,5,2,4,2,7,3,3,No
35,Travel_Rarely,1050,Sales,20,3,Life Sciences,1,1242,3,Male,47,4,3,Sales Representative,4,Married,7050,17231,5,Y,No,15,3,3,80,0,19,2,3,0,11,5,6,Yes
31,Travel_Rarely,1313,Research & Development,1,4,Technical Degree,1,1243,2,Male,64,3,4,Laboratory Technician,2,Single,2594,24328,4,Y,Yes,23,4,4,80,1,14,2,3,0,2,1,0,No
27,Non-Travel,1031,Research & Development,13,4,Life Sciences,1,1244,4,Male,72,4,4,Research Scientist,2,Married,8012,13173,9,Y,No,12,3,3,80,0,2,5,2,0,11,1,1,No
30,Travel_Rarely,1014,Sales,18,5,Life Sciences,1,1245,1,Male,79,4,5,Healthcare Representative,3,Married,6134,26076,7,Y,No,20,3,4,80,0,12,2,1,13,8,0,7,No
25,Travel_Rarely,745,Research & Development,9,2,Other,1,1246,4,Male,32,3,2,Laboratory Technician,4,Divorced,17220,6437,3,Y,Yes,20,3,3,80,0,10,2,3,7,2,2,1,No
37,Travel_Rarely,528,Sales,26,3,Life Sciences,1,1247,2,Male,88,4,2,Research Scientist,2,Married,14177,6722,0,Y,Yes,16,3,1,80,1,11,5,3,4,6,0,1,Yes
29,Travel_Rarely,603,Research & Development,24,2,Other,1,1248,3,Male,57,2,3,Sales Executive,1,Married,10920,24662,1,Y,No,17,4,1,80,0,7,3,2,0,7,0,1,No
39,Travel_Frequently,831,Sales,24,1,Life Sciences,1,1249,2,Male,75,1,1,Laboratory Technician,1,Single,7873,11075,7,Y,Yes,13,3,3,80,3,11,2,3,14,3,0,0,No
22,Travel_Rarely,1385,Research & Development,9,2,Life Sciences,1,1250,3,Male,93,1,4,Laboratory Technician,3,Single,8475,3394,9,Y,No,24,3,3,80,1,4,3,1,3,1,0,7,Yes
39,Travel_Frequently,172,Research & Development,23,1,Life Sciences,1,1251,3,Male,99,4,3,Laboratory Technician,3,Married,12332,4041,7,Y,Yes,16,3,1,80,0,2,3,1,1,3,0,7,No
44,Travel_Rarely,579,Sales,9,4,Other,1,1252,3,Male,76,1,2,Sales Executive,4,Divorced,7854,4336,4,Y,Yes,16,4,3,80,1,1,4,4,0,2,1,1,No
18,Travel_Rarely,1303,Human Resources,10,4,Life Sciences,1,1253,4,Female,43,4,2,Laboratory Technician,3,Married,8143,17723,5,Y,Yes,18,3,2,80,0,3,5,4,0,5,1,0,No
40,Travel_Rarely,558,Research & Development,28,5,Marketing,1,1254,2,Female,36,3,2,Sales Executive,4,Married,3790,19836,1,Y,No,11,3,1,80,1,14,0,1,9,12,4,3,No
48,Travel_Rarely,290,Research & Development,2,2,Medical,1,1255,4,Female,60,2,4,Manufacturing Director,2,Single,3269,5750,8,Y,Yes,14,3,1,80,0,14,2,2,17,5,4,0,No
25,Travel_Rarely,392,Research & Development,6,2,Medical,1,1256,2,Male,80,1,4,Laboratory Technician,1,Married,5996,18785,5,Y,Yes,11,3,4,80,1,22,0,4,8,10,2,6,No
52,Travel_Rarely,1021,Research & Development,15,1,Other,1,1257,1,Male,58,3,4,Manager,1,Married,1009,3544,8,Y,No,18,3,4,80,1,9,1,1,8,6,8,4,No
40,Travel_Rarely,393,Sales,3,4,Other,1,1258,1,Male,44,2,5,Healthcare Representative,1,Single,6363,9460,9,Y,No,12,3,2,80,1,16,3,1,17,14,0,2,Yes
30,Non-Travel,857,Research & Development,11,1,Technical Degree,1,1259,2,Male,54,1,1,Healthcare Representative,3,Married,5361,20601,2,Y,No,18,3,3,80,0,11,6,4,10,1,4,7,No
36,Travel_Rarely,1408,Sales,6,4,Life Sciences,1,1260,2,Female,90,1,2,Healthcare Representative,3,Married,10631,23360,5,Y,No,13,3,2,80,0,13,1,1,6,0,3,0,No
41,Travel_Frequently,478,Sales,3,1,Life Sciences,1,1261,2,Male,70,2,2,Laboratory Technician,2,Married,12255,4936,9,Y,No,18,3,3,80,0,17,3,1,10,5,1,2,Yes
37,Travel_Rarely,1281,Sales,24,4,Life Sciences,1,1262,2,Male,98,3,5,Sales Executive,3,Married,18585,18111,4,Y,Yes,16,4,4,80,0,15,2,1,12,5,1,0,No
41,Travel_Rarely,609,Research & Development,11,1,Life Sciences,1,1263,3,Male,33,3,2,Manufacturing Director,4,Married,9223,15930,8,Y,No,11,3,3,80,0,12,1,1,10,9,0,0,No
28,Travel_Rarely,629,Research & Development,15,4,Life Sciences,1,1264,4,Male,86,1,2,Laboratory Technician,1,Married,7214,16280,9,Y,No,17,3,4,80,1,6,5,4,4,11,4,0,Yes
38,Travel_Rarely,1480,Sales,13,1,Medical,1,1265,3,Female,60,2,4,Laboratory Technician,2,Divorced,3839,3758,0,Y,No,23,3,1,80,2,13,4,2,9,0,6,1,No
24,Travel_Rarely,660,Sales,20,2,Other,1,1266,4,Male,32,3,4,Research Scientist,4,Married,1569,24851,8,Y,No,17,4,1,80,0,21,1,1,2,3,2,0,Yes
35,Travel_Rarely,1312,Research & Development,28,5,Human Resources,1,1267,4,Female,96,2,1,Research Director,4,Single,10796,16514,4,Y,Yes,16,3,3,80,0,12,3,3,6,4,0,3,Yes
28,Travel_Rarely,1156,Sales,10,1,Life Sciences,1,1268,4,Male,79,2,2,Research Scientist,3,Single,6370,6042,0,Y,No,11,3,4,80,2,8,5,2,9,0,3,3,Yes
30,Non-Travel,361,Sales,6,5,Life Sciences,1,1269,3,Female,46,1,3,Research Scientist,3,Single,8497,22550,9,Y,No,15,3,2,80,2,17,3,3,18,3,1,0,No
48,Travel_Rarely,522,Sales,15,2,Human Resources,1,1270,2,Male,89,2,2,Human Resources,1,Married,6587,5728,7,Y,No,11,4,4,80,0,0,0,3,9,8,0,6,Yes
46,Travel_Frequently,405,Research & Development,25,2,Marketing,1,1271,3,Female,95,2,2,Manager,2,Divorced,6709,18692,6,Y,No,11,3,4,80,0,8,6,1,7,8,2,0,Yes
42,Travel_Rarely,1043,Research & Development,18,4,Other,1,1272,3,Male,53,4,1,Sales Executive,4,Single,7530,5166,5,Y,No,16,3,4,80,1,3,6,4,4,5,1,0,No
26,Travel_Rarely,1164,Research & Development,18,5,Other,1,1273,4,Female,61,2,3,Sales Representative,3,Single,8483,22950,1,Y,Yes,18,3,1,80,1,10,1,3,3,10,0,7,No
34,Travel_Rarely,643,Research & Development,7,3,Marketing,1,1274,1,Male,48,3,2,Research Scientist,3,Single,10921,4553,4,Y,No,11,3,4,80,0,21,4,3,4,5,1,0,No
47,Travel_Rarely,1403,Research & Development,15,4,Other,1,1275,1,Male,95,1,3,Healthcare Representative,2,Married,1009,5800,2,Y,No,12,3,3,80,1,16,2,3,7,8,6,5,No
38,Travel_Rarely,1328,Research & Development,18,5,Life Sciences,1,1276,3,Female,89,1,4,Laboratory Technician,2,Married,9254,19684,1,Y,Yes,15,3,1,80,1,0,0,1,12,1,2,1,Yes
58,Travel_Rarely,1191,Research & Development,18,1,Marketing,1,1277,4,Female,95,2,4,Laboratory Technician,3,Married,1009,10695,9,Y,No,18,3,1,80,0,6,1,1,0,1,2,0,Yes
40,Travel_Rarely,209,Research & Development,20,1,Other,1,1278,3,Male,44,2,3,Healthcare Representative,3,Married,9796,5563,0,Y,No,21,3,1,80,1,0,0,4,11,11,3,0,Yes
38,Travel_Rarely,369,Sales,9,2,Life Sciences,1,1279,3,Female,64,3,2,Sales Executive,1,Married,8005,26885,8,Y,No,14,3,4,80,0,19,1,1,3,2,2,5,No
34,Travel_Frequently,323,Sales,24,3,Other,1,1280,2,Male,98,4,3,Sales Executive,2,Divorced,6139,6941,1,Y,Yes,24,4,2,80,1,6,6,2,2,7,1,0,No
38,Travel_Frequently,1215,Research & Development,2,1,Other,1,1281,4,Female,56,1,3,Manufacturing Director,4,Single,6323,2442,0,Y,No,15,3,4,80,1,11,2,4,10,2,2,8,No
35,Travel_Rarely,794,Research & Development,8,5,Technical Degree,1,1282,1,Female,36,4,4,Research Scientist,3,Divorced,7143,5745,6,Y,Yes,20,3,4,80,0,12,2,1,4,5,2,0,Yes
43,Travel_Rarely,356,Research & Development,20,5,Life Sciences,1,1283,1,Male,35,3,3,Human Resources,3,Single,11627,4972,8,Y,No,15,3,2,80,1,12,6,1,9,3,0,9,No
45,Travel_Rarely,354,Research & Development,2,1,Technical Degree,1,1284,1,Female,62,1,5,Laboratory Technician,3,Single,11211,13951,5,Y,No,13,3,4,80,1,0,4,3,9,6,3,0,No
29,Travel_Rarely,358,Human Resources,11,5,Other,1,1285,3,Female,87,3,5,Sales Executive,3,Married,10661,6843,7,Y,No,16,3,3,80,3,14,0,1,11,6,2,5,No
24,Travel_Rarely,484,Sales,26,5,Life Sciences,1,1286,4,Male,78,2,4,Manufacturing Director,1,Married,1009,13355,6,Y,Yes,15,3,2,80,0,7,4,3,15,1,3,0,Yes
20,Travel_Rarely,543,Research & Development,7,2,Life Sciences,1,1287,2,Female,46,3,2,Research Scientist,2,Divorced,9208,22472,8,Y,No,12,3,3,80,0,17,1,1,0,6,2,0,Yes
41,Travel_Rarely,700,Research & Development,6,3,Medical,1,1288,1,Male,71,2,2,Sales Executive,3,Married,1009,13398,6,Y,No,24,3,3,80,3,12,2,1,8,0,1,3,No
26,Travel_Rarely,1215,Human Resources,10,2,Technical Degree,1,1289,4,Female,69,4,4,Laboratory Technician,2,Divorced,1009,2096,5,Y,No,20,3,1,80,1,16,2,1,2,10,0,6,Yes
18,Travel_Rarely,491,Human Resources,5,3,Life Sciences,1,1290,1,Female,75,1,2,Human Resources,4,Single,11782,19595,0,Y,No,24,3,1,80,2,5,3,1,9,5,2,3,No
40,Travel_Frequently,683,Research & Development,11,5,Life Sciences,1,1291,2,Male,99,1,1,Research Scientist,4,Single,1009,25361,8,Y,No,14,3,2,80,0,2,3,1,0,0,2,3,Yes
59,Travel_Frequently,1169,Sales,1,3,Other,1,1292,4,Female,97,4,5,Research Scientist,4,Single,5658,14788,9,Y,No,21,3,4,80,0,18,6,4,7,0,6,4,Yes
36,Travel_Rarely,699,Research & Development,2,5,Marketing,1,1293,3,Male,30,2,1,Laboratory Technician,4,Divorced,13100,16447,4,Y,No,14,3,3,80,0,15,4,1,0,6,0,6,Yes
44,Non-Travel,120,Sales,24,5,Life Sciences,1,1294,3,Male,81,1,1,Sales Executive,2,Married,9243,3611,1,Y,No,17,3,4,80,2,13,0,1,7,7,5,10,Yes
37,Non-Travel,1226,Research & Development,1,2,Medical,1,1295,1,Male,64,3,1,Sales Executive,4,Married,8239,23324,7,Y,No,17,3,3,80,2,13,6,3,7,2,4,1,No
36,Travel_Rarely,708,Research & Development,19,2,Other,1,1296,1,Male,98,2,4,Manager,4,Single,6244,12181,3,Y,No,19,3,1,80,1,14,1,2,2,4,0,5,Yes
45,Travel_Rarely,1482,Research & Development,2,4,Life Sciences,1,1297,4,Female,34,1,1,Human Resources,3,Single,7091,22057,2,Y,No,20,3,1,80,0,1,4,2,4,6,0,2,No
34,Travel_Rarely,134,Research & Development,21,1,Other,1,1298,2,Male,46,3,3,Sales Executive,3,Married,3561,15269,0,Y,No,22,3,1,80,0,19,2,4,4,8,5,3,No
39,Non-Travel,1354,Research & Development,20,4,Life Sciences,1,1299,1,Male,82,3,2,Laboratory Technician,3,Married,4245,20857,4,Y,Yes,12,3,2,80,1,10,2,1,0,7,3,6,Yes
39,Travel_Frequently,963,Research & Development,23,4,Marketing,1,1300,4,Female,81,1,4,Human Resources,1,Married,6906,22742,2,Y,No,16,3,3,80,1,10,2,2,0,2,4,4,Yes
30,Travel_Rarely,256,Research & Development,21,3,Medical,1,1301,2,Male,43,4,3,Sales Executive,3,Married,7592,21301,3,Y,Yes,12,3,4,80,1,8,1,3,8,9,2,1,Yes
45,Travel_Rarely,1006,Research & Development,24,5,Other,1,1302,1,Male,58,4,3,Sales Executive,4,Divorced,5758,19326,8,Y,No,19,3,3,80,0,0,6,3,13,0,0,4,Yes
35,Travel_Rarely,1371,Research & Development,4,5,Life Sciences,1,1303,1,Male,37,1,5,Research Director,2,Single,1009,7130,6,Y,No,12,3,4,80,0,15,4,4,11,3,2,5,No
30,Travel_Rarely,506,Research & Development,12,5,Life Sciences,1,1304,4,Female,30,3,5,Healthcare Representative,4,Married,13854,18683,4,Y,No,16,3,4,80,0,3,1,3,0,6,4,6,No
41,Travel_Rarely,945,Sales,22,1,Marketing,1,1305,1,Male,58,4,3,Sales Executive,2,Married,10905,2614,7,Y,No,18,3,4,80,1,12,5,2,14,0,0,8,No
28,Travel_Frequently,1286,Research & Development,20,3,Other,1,1306,3,Male,65,4,5,Research Scientist,4,Married,5540,22054,5,Y,Yes,16,3,3,80,0,4,2,2,14,4,3,10,No
37,Travel_Rarely,848,Research & Development,18,3,Other,1,1307,2,Male,80,4,2,Sales Executive,1,Married,11051,23591,9,Y,No,22,3,1,80,2,8,3,2,2,6,4,4,No
36,Travel_Frequently,1242,Sales,1,5,Other,1,1308,2,Female,66,2,2,Laboratory Technician,3,Divorced,4814,17799,1,Y,No,13,3,2,80,1,8,4,1,2,1,5,0,No
46,Travel_Frequently,372,Sales,1,4,Other,1,1309,3,Male,98,4,5,Healthcare Representative,4,Married,7992,8352,6,Y,No,15,3,2,80,0,4,3,3,3,4,3,5,No
41,Travel_Frequently,871,Sales,24,1,Life Sciences,1,1310,4,Female,82,1,1,Laboratory Technician,3,Single,1009,25285,0,Y,No,14,3,1,80,0,9,4,3,9,0,0,0,No
36,Travel_Rarely,273,Research & Development,14,4,Life Sciences,1,1311,3,Female,81,1,3,Manufacturing Director,1,Single,7706,4228,2,Y,No,11,3,2,80,2,7,6,1,5,7,1,10,No
44,Travel_Rarely,375,Research & Development,4,2,Life Sciences,1,1312,3,Female,41,2,2,Research Scientist,1,Married,5177,17548,0,Y,No,15,4,4,80,0,3,2,2,9,6,0,2,No
49,Travel_Rarely,360,Research & Development,5,3,Medical,1,1313,2,Male,81,2,5,Sales Executive,3,Married,7524,6932,0,Y,No,20,3,2,80,0,20,3,3,0,6,5,7,No
41,Travel_Rarely,1260,Sales,11,3,Life Sciences,1,1314,4,Male,30,1,5,Sales Executive,3,Single,14536,20953,4,Y,No,22,3,3,80,2,5,3,2,0,3,4,5,Yes
36,Travel_Rarely,523,Research & Development,24,4,Life Sciences,1,1315,1,Female,36,2,2,Manager,2,Single,6414,24295,5,Y,No,15,3,1,80,1,15,4,1,1,0,1,4,Yes
24,Travel_Rarely,1311,Sales,28,1,Marketing,1,1316,3,Male,46,4,2,Manufacturing Director,3,Married,4349,23023,2,Y,Yes,17,3,1,80,1,16,5,2,2,3,4,0,Yes
27,Travel_Rarely,465,Research & Development,23,3,Life Sciences,1,1317,3,Male,72,3,1,Research Scientist,3,Married,4401,26271,2,Y,No,22,3,1,80,0,18,5,4,9,10,4,1,No
34,Travel_Rarely,479,Research & Development,13,4,Medical,1,1318,4,Male,46,3,5,Research Scientist,2,Single,1009,2879,2,Y,No,17,3,1,80,2,7,3,1,8,7,0,2,No
31,Travel_Rarely,681,Sales,16,1,Life Sciences,1,1319,3,Female,88,3,5,Manager,4,Married,8399,10237,0,Y,No,12,4,3,80,0,9,3,2,11,10,8,2,No
35,Travel_Rarely,992,Research & Development,24,4,Life Sciences,1,1320,4,Female,32,1,4,Laboratory Technician,2,Single,9011,26186,4,Y,No,24,3,4,80,0,9,6,1,13,4,0,4,No
37,Travel_Frequently,823,Sales,13,1,Other,1,1321,1,Male,58,2,1,Research Scientist,4,Divorced,6807,17144,0,Y,No,14,3,4,80,0,15,2,3,9,1,0,1,No
41,Travel_Frequently,1321,Research & Development,24,5,Life Sciences,1,1322,4,Female,51,3,2,Research Scientist,4,Single,10823,22575,9,Y,No,11,3,4,80,0,9,4,4,0,6,3,5,Yes
36,Travel_Rarely,982,Research & Development,22,1,Marketing,1,1323,1,Male,67,4,2,Sales Executive,4,Married,10868,23675,9,Y,Yes,23,3,2,80,3,14,4,1,4,3,3,3,No
41,Travel_Rarely,1223,Research & Development,26,2,Other,1,1324,4,Female,83,4,3,Manager,2,Married,6828,15729,2,Y,No,15,3,4,80,1,9,0,2,5,2,0,6,No
37,Travel_Rarely,706,Sales,2,5,Life Sciences,1,1325,3,Male,79,4,2,Laboratory Technician,2,Single,9251,13076,5,Y,Yes,15,3,2,80,1,20,4,3,8,0,2,0,No
18,Travel_Rarely,123,Sales,16,4,Life Sciences,1,1326,1,Female,98,2,5,Healthcare Representative,1,Married,16711,15503,5,Y,No,14,3,3,80,3,11,2,2,1,5,0,6,Yes
28,Travel_Rarely,1297,Research & Development,6,5,Other,1,1327,3,Male,59,3,2,Sales Representative,4,Single,2636,18082,2,Y,No,20,4,2,80,0,10,3,2,16,7,0,9,No
35,Travel_Frequently,484,Sales,14,5,Life Sciences,1,1328,1,Male,52,4,5,Human Resources,2,Married,10133,20635,8,Y,No,22,3,4,80,0,13,6,1,4,0,5,3,Yes
25,Travel_Rarely,235,Research & Development,1,4,Life Sciences,1,1329,4,Male,76,2,5,Research Scientist,1,Married,6908,5622,7,Y,No,22,3,1,80,1,24,0,1,4,9,3,8,Yes
42,Travel_Rarely,1150,Human Resources,17,4,Other,1,1330,4,Male,50,4,1,Sales Executive,4,Single,11415,5653,2,Y,No,17,3,3,80,1,6,6,2,5,5,1,4,No
50,Travel_Rarely,604,Sales,11,2,Marketing,1,1331,4,Female,49,3,2,Laboratory Technician,2,Single,2770,16214,4,Y,No,16,3,4,80,1,19,6,1,3,4,7,2,No
47,Travel_Rarely,1310,Sales,19,4,Life Sciences,1,1332,2,Male,52,3,1,Sales Executive,2,Married,7441,26612,4,Y,No,23,3,4,80,0,4,3,2,0,0,1,4,Yes
34,Travel_Rarely,1210,Research & Development,3,3,Medical,1,1333,2,Male,97,3,5,Manager,2,Single,3305,5031,4,Y,Yes,20,3,4,80,0,11,4,1,14,6,4,9,Yes
50,Travel_Rarely,245,Human Resources,11,3,Technical Degree,1,1334,1,Male,50,3,2,Sales Representative,3,Married,1009,26650,2,Y,No,13,3,3,80,0,5,1,4,3,0,0,9,No
38,Travel_Rarely,325,Research & Development,5,2,Life Sciences,1,1335,2,Male,50,3,2,Manufacturing Director,1,Single,13100,10232,4,Y,No,12,4,1,80,0,8,3,1,10,0,0,0,No
33,Travel_Rarely,321,Research & Development,17,1,Marketing,1,1336,4,Male,30,4,1,Research Scientist,2,Divorced,4458,7235,4,Y,No,14,3,1,80,0,6,5,2,4,0,4,0,Yes
31,Travel_Rarely,280,Research & Development,26,1,Medical,1,1337,2,Male,44,3,1,Sales Executive,3,Married,2540,19199,3,Y,No,19,3,1,80,0,16,4,3,3,13,4,3,No
34,Travel_Rarely,534,Sales,22,3,Life Sciences,1,1338,2,Male,46,4,5,Research Scientist,1,Married,3788,19401,3,Y,No,20,3,4,80,0,7,5,1,0,4,8,1,No
33,Travel_Rarely,366,Human Resources,7,4,Human Resources,1,1339,3,Male,80,3,5,Manager,1,Single,15074,23869,1,Y,No,15,3,2,80,0,15,2,4,0,2,0,5,No
38,Non-Travel,1055,Human Resources,10,2,Life Sciences,1,1340,1,Male,92,4,2,Research Scientist,3,Single,12659,26135,8,Y,No,11,3,4,80,3,7,5,4,4,4,0,3,No
38,Travel_Rarely,530,Sales,28,1,Life Sciences,1,1341,1,Female,43,3,2,Sales Executive,1,Single,5474,2929,6,Y,No,21,3,1,80,2,11,4,4,4,2,0,2,No
36,Travel_Rarely,517,Sales,11,1,Marketing,1,1342,1,Female,88,4,4,Research Scientist,3,Single,10548,20971,0,Y,No,13,3,3,80,1,22,0,4,15,3,3,11,Yes
40,Travel_Rarely,828,Sales,3,5,Other,1,1343,2,Male,79,3,4,Human Resources,4,Married,1445,5073,4,Y,Yes,19,3,2,80,3,5,5,2,7,5,0,6,No
47,Travel_Rarely,298,Sales,20,3,Life Sciences,1,1344,4,Female,63,2,3,Manufacturing Director,2,Married,8960,12611,1,Y,No,17,3,2,80,3,5,1,4,13,2,2,6,No
45,Travel_Rarely,1178,Research & Development,10,4,Life Sciences,1,1345,3,Female,35,4,5,Sales Representative,3,Married,4476,14210,9,Y,No,13,3,4,80,0,9,6,3,0,4,0,1,No
23,Travel_Rarely,581,Research & Development,27,2,Marketing,1,1346,1,Male,78,2,3,Healthcare Representative,1,Married,8549,4518,5,Y,Yes,11,3,3,80,0,11,1,1,7,12,0,3,No
18,Travel_Rarely,1455,Sales,10,1,Marketing,1,1347,2,Female,35,4,3,Laboratory Technician,1,Single,1009,16661,6,Y,No,14,3,2,80,3,16,1,4,10,0,0,3,Yes
45,Travel_Rarely,1376,Research & Development,14,5,Other,1,1348,4,Male,98,4,1,Sales Executive,4,Single,3702,18198,1,Y,No,19,3,1,80,1,11,5,1,7,0,5,4,No
24,Travel_Rarely,991,Human Resources,12,3,Human Resources,1,1349,3,Female,36,4,1,Research Scientist,4,Divorced,7354,17021,5,Y,No,22,3,4,80,0,13,2,2,7,5,0,2,No
34,Travel_Rarely,1026,Research & Development,15,3,Life Sciences,1,1350,3,Male,80,1,4,Laboratory Technician,4,Married,7305,6615,2,Y,Yes,17,3,4,80,1,2,1,1,5,9,5,7,Yes
26,Travel_Frequently,224,Research & Development,10,2,Life Sciences,1,1351,1,Male,30,3,3,Sales Representative,4,Married,1009,13412,8,Y,Yes,15,3,1,80,0,13,3,2,0,14,3,8,No
20,Travel_Rarely,1464,Sales,10,1,Medical,1,1352,1,Male,42,2,4,Research Scientist,4,Single,1932,16374,3,Y,Yes,23,3,1,80,0,13,6,2,0,5,0,6,No
41,Travel_Rarely,879,Human Resources,26,2,Medical,1,1353,4,Female,72,2,5,Sales Executive,2,Married,8490,16870,2,Y,No,21,3,1,80,0,16,2,1,11,0,7,3,No
43,Travel_Rarely,449,Research & Development,19,2,Life Sciences,1,1354,2,Female,56,4,2,Laboratory Technician,3,Single,7938,20854,2,Y,No,24,3,2,80,0,8,4,4,2,9,0,2,No
31,Travel_Rarely,130,Sales,1,5,Life Sciences,1,1355,4,Male,32,2,1,Sales Executive,4,Divorced,9580,17274,1,Y,Yes,16,3,3,80,0,11,0,3,4,4,5,7,No
18,Travel_Rarely,1076,Sales,24,3,Marketing,1,1356,1,Male,87,2,5,Manufacturing Director,4,Married,7393,18931,8,Y,No,11,3,2,80,2,16,2,1,2,4,0,5,Yes
31,Travel_Rarely,136,Sales,26,4,Human Resources,1,1357,4,Male,46,2,5,Research Scientist,2,Single,1549,5553,7,Y,No,17,3,3,80,0,3,6,3,1,0,0,6,Yes
40,Travel_Rarely,724,Sales,10,3,Medical,1,1358,2,Male,74,2,1,Research Scientist,3,Divorced,4836,22025,4,Y,Yes,22,3,4,80,0,0,6,1,0,8,3,5,No
23,Travel_Rarely,1419,Research & Development,2,3,Life Sciences,1,1359,3,Male,87,1,1,Research Scientist,4,Married,8995,3242,8,Y,No,15,3,3,80,0,2,0,3,16,0,5,1,Yes
38,Travel_Rarely,690,Research & Development,17,5,Human Resources,1,1360,3,Male,85,4,3,Laboratory Technician,3,Married,1792,19000,1,Y,Yes,17,3,1,80,1,6,2,1,0,6,0,9,No
36,Travel_Rarely,1474,Research & Development,24,4,Technical Degree,1,1361,3,Female,83,2,4,Laboratory Technician,3,Single,1207,6671,5,Y,Yes,15,4,2,80,3,19,4,3,11,4,4,12,Yes
42,Travel_Frequently,1272,Research & Development,7,1,Other,1,1362,3,Female,58,1,5,Research Scientist,2,Single,5076,18599,6,Y,No,15,3,1,80,0,27,0,3,13,4,0,2,No
37,Travel_Rarely,1192,Research & Development,7,4,Marketing,1,1363,1,Male,83,1,3,Sales Representative,2,Single,7775,22096,5,Y,No,13,3,4,80,0,4,6,1,7,4,0,3,No
28,Travel_Rarely,1005,Research & Development,20,1,Marketing,1,1364,1,Male,56,4,3,Sales Executive,4,Single,1009,17766,2,Y,No,15,4,2,80,0,10,2,1,5,1,0,2,No
47,Travel_Rarely,621,Research & Development,27,4,Technical Degree,1,1365,2,Female,74,3,5,Sales Executive,1,Married,5360,8724,9,Y,No,18,3,2,80,1,7,6,2,8,1,0,1,No
35,Travel_Rarely,223,Sales,9,2,Marketing,1,1366,2,Female,60,3,5,Manufacturing Director,2,Married,8937,5816,9,Y,No,24,3,1,80,0,15,0,3,4,7,0,6,No
36,Travel_Frequently,441,Research & Development,22,4,Medical,1,1367,2,Female,65,3,2,Sales Executive,3,Married,9862,21561,9,Y,No,18,4,2,80,0,13,1,1,12,4,0,2,No
28,Travel_Rarely,276,Research & Development,2,5,Medical,1,1368,2,Female,90,2,4,Laboratory Technician,3,Divorced,1782,8024,8,Y,No,12,3,1,80,0,4,6,4,13,1,0,0,No
32,Travel_Rarely,698,Sales,14,1,Other,1,1369,4,Female,66,4,5,Research Director,4,Single,8248,15482,7,Y,No,21,3,3,80,0,6,1,4,10,2,1,5,No
28,Travel_Rarely,552,Research & Development,17,3,Medical,1,1370,2,Male,96,3,1,Healthcare Representative,4,Divorced,11170,25201,7,Y,No,11,3,4,80,2,10,5,2,0,6,0,0,No
35,Travel_Rarely,658,Research & Development,1,5,Marketing,1,1371,3,Male,65,2,2,Manufacturing Director,4,Divorced,9351,23291,7,Y,No,12,3,1,80,0,20,1,4,11,1,2,1,No
52,Travel_Rarely,1261,Human Resources,9,1,Human Resources,1,1372,3,Female,34,4,4,Laboratory Technician,3,Married,4564,21785,8,Y,No,21,3,4,80,0,6,3,1,14,9,7,1,No
24,Travel_Rarely,1141,Research & Development,20,1,Other,1,1373,3,Male,75,2,1,Sales Executive,2,Single,1009,5736,0,Y,No,17,3,2,80,1,0,1,3,10,3,0,5,No
22,Travel_Rarely,1458,Research & Development,21,3,Other,1,1374,4,Male,81,3,1,Laboratory Technician,1,Married,7483,21295,7,Y,No,13,3,4,80,2,21,1,1,13,2,0,4,No
50,Travel_Frequently,1320,Research & Development,19,2,Other,1,1375,2,Male,78,3,4,Research Scientist,2,Married,13919,9515,1,Y,No,18,3,4,80,0,15,4,4,2,6,0,0,No
34,Travel_Rarely,110,Research & Development,4,5,Medical,1,1376,3,Female,35,1,2,Research Director,1,Divorced,10373,9141,3,Y,Yes,14,3,4,80,3,2,0,4,4,3,0,5,No
30,Travel_Frequently,435,Research & Development,28,3,Medical,1,1377,3,Female,39,1,1,Research Scientist,2,Single,10046,15648,0,Y,No,20,3,2,80,1,13,0,1,14,5,0,1,No
46,Travel_Frequently,1458,Research & Development,8,3,Life Sciences,1,1378,3,Male,52,4,3,Laboratory Technician,4,Married,7291,26946,5,Y,No,20,3,3,80,0,17,1,2,11,3,7,9,No
31,Travel_Frequently,1118,Research & Development,13,2,Other,1,1379,3,Male,46,2,4,Research Director,3,Married,10714,7682,9,Y,Yes,18,3,3,80,0,12,0,1,5,0,2,0,No
53,Travel_Rarely,428,Research & Development,4,5,Life Sciences,1,1380,1,Female,73,2,4,Manager,1,Single,7925,25865,0,Y,No,24,3,3,80,0,21,2,2,5,0,0,5,No
43,Travel_Rarely,116,Research & Development,9,3,Life Sciences,1,1381,2,Male,70,3,5,Human Resources,2,Married,1009,17354,4,Y,No,12,3,1,80,0,15,5,4,7,5,3,6,No
32,Travel_Frequently,940,Research & Development,9,2,Marketing,1,1382,2,Male,44,3,2,Manufacturing Director,3,Single,10690,11410,8,Y,No,23,3,1,80,0,13,6,3,5,2,0,0,No
56,Travel_Rarely,327,Sales,22,5,Life Sciences,1,1383,4,Female,73,4,3,Research Scientist,1,Married,2452,11943,0,Y,No,24,3,2,80,1,12,1,3,7,11,6,3,Yes
31,Travel_Rarely,214,Sales,18,4,Life Sciences,1,1384,1,Male,87,1,3,Manager,1,Divorced,6815,12039,8,Y,No,15,3,3,80,1,12,5,1,26,1,1,4,Yes
43,Travel_Frequently,102,Sales,12,1,Life Sciences,1,1385,4,Male,79,3,5,Research Scientist,3,Single,9974,14888,3,Y,No,16,3,4,80,0,18,1,2,2,0,6,3,No
39,Travel_Frequently,367,Research & Development,10,2,Life Sciences,1,1386,3,Female,81,2,1,Sales Executive,4,Married,2978,21880,2,Y,Yes,11,3,3,80,0,10,3,4,0,4,3,5,Yes
48,Travel_Rarely,1333,Sales,11,1,Marketing,1,1387,4,Male,99,3,1,Healthcare Representative,3,Single,1868,6426,7,Y,No,24,3,1,80,0,18,5,3,2,5,3,4,Yes
51,Travel_Rarely,1053,Sales,7,4,Other,1,1388,3,Female,97,1,3,Manufacturing Director,4,Married,8742,17423,5,Y,No,11,3,2,80,1,13,2,1,10,7,1,6,No
37,Travel_Rarely,1494,Research & Development,9,3,Technical Degree,1,1389,3,Male,92,2,2,Sales Representative,2,Divorced,1266,17792,6,Y,No,24,3,3,80,1,12,1,1,10,0,5,5,Yes
30,Travel_Frequently,407,Research & Development,6,3,Life Sciences,1,1390,2,Male,87,1,1,Human Resources,2,Married,5593,16935,8,Y,No,19,3,1,80,0,8,1,4,0,9,7,4,No
41,Non-Travel,113,Research & Development,19,5,Life Sciences,1,1391,2,Male,52,4,4,Sales Representative,3,Divorced,11803,18642,4,Y,No,15,3,1,80,1,8,0,4,4,0,3,3,No
30,Travel_Rarely,1470,Sales,16,2,Life Sciences,1,1392,2,Male,73,4,5,Sales Executive,4,Married,14144,9083,1,Y,No,24,3,4,80,0,13,1,1,12,8,1,4,No
55,Travel_Rarely,1493,Human Resources,15,2,Medical,1,1393,2,Female,73,1,2,Manufacturing Director,2,Single,1009,20434,2,Y,No,14,3,3,80,1,19,5,1,6,11,5,10,Yes
38,Travel_Frequently,1038,Research & Development,7,5,Other,1,1394,2,Female,81,2,1,Manager,4,Divorced,5472,5954,2,Y,Yes,24,3,4,80,0,15,5,1,0,6,0,3,Yes
33,Travel_Rarely,521,Research & Development,16,1,Technical Degree,1,1395,1,Female,96,1,3,Human Resources,4,Single,12469,21253,3,Y,Yes,11,4,3,80,0,5,1,2,2,0,6,0,Yes
38,Travel_Rarely,990,Research & Development,5,3,Medical,1,1396,2,Male,57,3,5,Research Scientist,4,Single,4628,3862,9,Y,No,13,3,2,80,0,0,1,4,15,3,0,8,Yes
24,Non-Travel,272,Research & Development,16,3,Other,1,1397,4,Female,96,3,1,Sales Executive,3,Married,10221,15837,6,Y,Yes,23,3,3,80,2,17,1,1,4,6,1,11,No
28,Travel_Rarely,235,Sales,1,2,Marketing,1,1398,3,Male,47,1,3,Sales Representative,4,Divorced,10576,8320,9,Y,No,14,3,4,80,1,32,3,4,7,4,4,6,No
47,Travel_Rarely,1066,Sales,19,2,Technical Degree,1,1399,2,Female,56,3,1,Research Scientist,3,Married,3628,14812,5,Y,No,21,3,4,80,3,9,2,1,0,0,0,11,No
30,Travel_Rarely,1150,Sales,5,5,Life Sciences,1,1400,1,Female,80,1,5,Laboratory Technician,2,Single,8514,13982,2,Y,No,21,3,1,80,0,7,6,1,5,4,3,4,Yes
27,Travel_Rarely,1315,Research & Development,7,4,Life Sciences,1,1401,4,Male,89,3,4,Research Scientist,2,Divorced,8800,8715,6,Y,No,15,3,3,80,0,17,5,1,24,2,2,14,Yes
41,Travel_Frequently,1266,Research & Development,19,1,Medical,1,1402,4,Male,78,1,4,Research Scientist,1,Married,10777,19260,3,Y,No,24,4,3,80,0,4,3,4,17,6,0,0,No
47,Travel_Rarely,759,Research & Development,22,4,Other,1,1403,3,Male,44,3,3,Healthcare Representative,1,Divorced,1009,26298,9,Y,No,20,4,2,80,1,22,6,1,8,0,1,3,Yes
43,Non-Travel,1440,Sales,5,4,Human Resources,1,1404,4,Male,97,2,4,Research Scientist,2,Married,12576,2234,7,Y,Yes,22,4,1,80,1,14,0,1,16,0,0,6,Yes
45,Travel_Rarely,1444,Research & Development,17,2,Other,1,1405,4,Female,44,2,5,Healthcare Representative,4,Married,9728,19197,6,Y,No,24,3,4,80,2,11,4,4,10,0,0,1,Yes
30,Travel_Rarely,1217,Research & Development,26,2,Life Sciences,1,1406,4,Male,80,3,3,Sales Executive,4,Divorced,1187,3744,6,Y,Yes,15,4,3,80,1,5,1,1,21,0,0,8,No
23,Travel_Rarely,280,Research & Development,22,2,Human Resources,1,1407,4,Male,77,1,1,Research Scientist,2,Married,5899,9979,8,Y,Yes,20,3,1,80,1,18,5,3,11,1,0,6,Yes
50,Travel_Rarely,1181,Research & Development,8,4,Marketing,1,1408,1,Male,30,3,2,Research Scientist,2,Divorced,10437,22051,7,Y,No,18,4,2,80,2,7,6,3,15,6,3,3,No
33,Travel_Rarely,1280,Sales,1,1,Life Sciences,1,1409,3,Female,36,4,1,Healthcare Representative,1,Single,1437,16358,0,Y,No,23,3,1,80,0,16,0,1,0,2,0,5,No
34,Travel_Rarely,212,Research & Development,2,2,Technical Degree,1,1410,2,Male,82,4,5,Research Scientist,4,Single,2154,3109,6,Y,Yes,23,3,3,80,2,14,5,2,9,4,4,4,Yes
48,Travel_Rarely,238,Research & Development,15,3,Life Sciences,1,1411,4,Male,60,1,3,Manufacturing Director,2,Divorced,6587,22861,2,Y,No,13,3,3,80,2,21,4,4,3,0,0,6,Yes
41,Travel_Rarely,333,Sales,20,1,Life Sciences,1,1412,1,Male,47,3,1,Manufacturing Director,1,Divorced,4449,16784,3,Y,No,17,3,2,80,1,12,6,1,10,4,0,3,No
41,Travel_Frequently,1093,Sales,28,3,Technical Degree,1,1413,3,Female,41,3,3,Manufacturing Director,1,Single,7679,10628,5,Y,Yes,24,3,2,80,1,35,1,4,10,0,1,0,No
56,Travel_Rarely,569,Research & Development,18,1,Other,1,1414,2,Male,77,2,4,Manufacturing Director,4,Single,10367,8386,4,Y,No,23,3,2,80,0,15,5,2,15,0,0,7,No
31,Travel_Rarely,833,Research & Development,11,2,Life Sciences,1,1415,3,Female,59,1,2,Research Scientist,1,Married,7779,24831,7,Y,No,16,3,4,80,0,12,1,2,13,3,1,3,Yes
45,Travel_Rarely,582,Research & Development,25,5,Life Sciences,1,1416,1,Male,36,4,5,Research Scientist,1,Divorced,6451,12869,1,Y,No,20,3,1,80,1,8,4,4,0,1,0,1,Yes
37,Travel_Rarely,1193,Sales,10,2,Medical,1,1417,1,Male,32,4,1,Laboratory Technician,3,Married,10389,21598,4,Y,No,21,3,1,80,0,18,3,2,0,0,0,2,No
39,Travel_Rarely,915,Research & Development,24,4,Life Sciences,1,1418,1,Male,92,1,2,Sales Executive,2,Married,6006,18465,4,Y,Yes,20,3,1,80,0,8,6,2,5,3,0,3,No
50,Travel_Rarely,1374,Research & Development,24,4,Other,1,1419,4,Male,35,4,5,Sales Representative,4,Married,2995,20301,2,Y,Yes,20,3,4,80,2,5,4,4,11,0,5,0,No
41,Travel_Rarely,1095,Research & Development,4,1,Medical,1,1420,1,Male,44,1,5,Manager,2,Single,11929,22904,9,Y,Yes,21,3,1,80,0,7,4,2,10,0,4,0,Yes
41,Travel_Frequently,424,Research & Development,5,4,Life Sciences,1,1421,2,Male,72,4,4,Research Scientist,3,Divorced,1009,18488,4,Y,No,16,4,2,80,0,9,5,3,7,9,0,3,No
46,Travel_Frequently,1023,Sales,4,2,Medical,1,1422,4,Female,47,4,3,Laboratory Technician,4,Married,6800,17641,3,Y,Yes,20,3,1,80,1,28,6,1,10,7,0,3,No
33,Travel_Rarely,1005,Research & Development,13,3,Technical Degree,1,1423,3,Male,51,1,3,Research Director,2,Married,4791,23082,4,Y,No,19,3,4,80,0,13,2,3,12,5,6,0,No
29,Travel_Rarely,707,Research & Development,25,2,Other,1,1424,2,Male,90,1,2,Research Scientist,1,Married,2161,11399,9,Y,Yes,24,3,4,80,0,6,1,3,7,4,2,0,No
27,Travel_Frequently,530,Human Resources,13,1,Life Sciences,1,1425,4,Female,90,4,4,Healthcare Representative,4,Married,7903,10907,8,Y,No,17,4,1,80,0,19,6,1,10,6,1,1,No
19,Travel_Rarely,1394,Research & Development,18,4,Life Sciences,1,1426,1,Male,82,4,5,Sales Executive,3,Married,8660,2994,6,Y,Yes,23,3,4,80,0,12,5,3,11,2,2,5,Yes
55,Travel_Frequently,249,Research & Development,27,3,Medical,1,1427,3,Female,55,2,4,Laboratory Technician,1,Divorced,2603,5841,0,Y,No,21,3,4,80,0,21,1,1,6,4,3,1,Yes
26,Travel_Frequently,1243,Research & Development,24,5,Technical Degree,1,1428,1,Female,69,3,4,Sales Representative,3,Married,1009,14350,2,Y,No,17,3,1,80,2,26,3,1,16,2,2,7,Yes
34,Travel_Frequently,951,Research & Development,2,3,Life Sciences,1,1429,2,Male,37,1,2,Laboratory Technician,1,Divorced,1009,19949,8,Y,No,21,3,4,80,0,0,6,4,0,4,0,8,No
34,Travel_Rarely,468,Research & Development,16,3,Life Sciences,1,1430,2,Female,50,1,3,Manufacturing Director,2,Single,15022,25339,3,Y,Yes,24,4,4,80,0,0,3,1,17,5,0,10,No
39,Travel_Rarely,951,Research & Development,1,2,Life Sciences,1,1431,4,Male,72,3,4,Sales Representative,2,Divorced,15541,5197,3,Y,Yes,11,3,1,80,3,26,2,1,13,5,2,6,No
44,Travel_Rarely,1191,Research & Development,26,5,Other,1,1432,2,Male,50,2,4,Healthcare Representative,2,Single,6638,10612,9,Y,No,11,3,2,80,1,5,2,2,20,2,0,5,Yes
44,Travel_Rarely,914,Research & Development,19,1,Life Sciences,1,1433,3,Male,32,4,4,Healthcare Representative,3,Single,1009,2167,5,Y,No,19,3,2,80,0,0,2,2,0,6,0,9,No
31,Travel_Frequently,1495,Research & Development,9,1,Marketing,1,1434,4,Male,60,4,1,Laboratory Technician,4,Single,5816,18728,2,Y,No,19,3,4,80,1,7,3,3,4,3,0,0,No
35,Travel_Rarely,276,Sales,28,3,Life Sciences,1,1435,3,Male,56,2,4,Manufacturing Director,2,Married,1009,4591,2,Y,Yes,22,3,3,80,1,3,4,1,9,3,0,6,Yes
39,Travel_Rarely,689,Research & Development,3,3,Medical,1,1436,1,Male,56,2,4,Manager,3,Divorced,7978,23106,8,Y,Yes,21,3,3,80,1,5,5,1,8,0,3,7,Yes
34,Travel_Frequently,596,Sales,25,4,Other,1,1437,3,Male,86,3,5,Human Resources,1,Married,1827,10581,4,Y,No,20,3,1,80,1,17,1,4,4,1,1,4,Yes
51,Travel_Frequently,1074,Research & Development,7,5,Other,1,1438,3,Male,62,3,1,Manager,2,Single,1009,18775,6,Y,No,13,3,1,80,0,8,1,1,8,7,3,7,No
41,Non-Travel,1239,Research & Development,10,3,Life Sciences,1,1439,2,Male,73,4,4,Healthcare Representative,1,Single,11094,26971,4,Y,No,21,3,2,80,0,0,5,4,14,7,0,2,Yes
43,Travel_Frequently,1236,Human Resources,1,4,Medical,1,1440,1,Male,72,2,4,Sales Executive,2,Married,5775,14893,5,Y,No,21,3,3,80,0,11,0,1,7,4,4,4,Yes
42,Travel_Rarely,1272,Research & Development,10,5,Life Sciences,1,1441,2,Male,60,2,2,Manager,1,Single,10568,8611,7,Y,No,18,3,1,80,1,4,3,2,0,2,5,5,No
47,Travel_Rarely,136,Research & Development,21,1,Life Sciences,1,1442,1,Male,94,4,2,Healthcare Representative,3,Married,12172,13910,7,Y,No,19,3,3,80,1,9,3,2,19,4,2,5,No
38,Travel_Frequently,1100,Research & Development,9,4,Other,1,1443,1,Male,46,4,1,Healthcare Representative,2,Married,6079,15499,1,Y,No,11,3,3,80,0,9,2,2,1,0,8,0,Yes
25,Travel_Rarely,1434,Sales,28,5,Medical,1,1444,3,Male,44,4,5,Research Scientist,3,Divorced,6475,20112,8,Y,No,22,3,4,80,0,17,6,3,0,4,4,2,Yes
40,Travel_Rarely,639,Research & Development,15,4,Life Sciences,1,1445,2,Female,63,4,1,Sales Representative,3,Married,11473,23483,9,Y,No,24,3,4,80,3,7,6,1,2,0,2,4,Yes
30,Travel_Rarely,851,Sales,15,3,Life Sciences,1,1446,3,Female,33,4,1,Sales Executive,1,Single,3967,24507,5,Y,No,13,4,3,80,0,16,5,2,3,3,6,5,No
32,Travel_Rarely,1139,Research & Development,3,2,Marketing,1,1447,3,Male,57,3,2,Research Scientist,2,Divorced,11926,10338,6,Y,No,23,3,2,80,0,0,0,4,8,4,2,6,No
42,Travel_Frequently,475,Research & Development,25,1,Marketing,1,1448,3,Female,31,4,2,Manufacturing Director,4,Married,1009,7709,2,Y,No,16,3,1,80,1,18,0,2,22,2,0,4,No
48,Travel_Rarely,658,Research & Development,5,3,Life Sciences,1,1449,1,Male,46,2,5,Manufacturing Director,4,Divorced,4832,12562,3,Y,Yes,14,4,1,80,0,21,3,1,1,6,4,8,Yes
37,Travel_Rarely,334,Sales,9,3,Medical,1,1450,2,Male,87,1,4,Research Scientist,3,Single,7380,12973,5,Y,No,18,3,2,80,0,9,2,2,13,1,7,3,No
39,Travel_Rarely,806,Sales,26,5,Other,1,1451,2,Female,38,3,5,Healthcare Representative,1,Married,1009,21322,6,Y,No,19,3,4,80,0,4,1,1,18,1,0,7,No
52,Travel_Rarely,664,Research & Development,22,4,Medical,1,1452,3,Male,60,2,4,Research Scientist,1,Divorced,8236,15172,5,Y,No,17,3,4,80,1,2,2,1,4,6,0,3,Yes
39,Travel_Rarely,1040,Research & Development,9,1,Technical Degree,1,1453,1,Female,95,1,3,Sales Executive,1,Single,7309,24101,4,Y,Yes,21,3,2,80,0,11,1,2,6,2,0,0,No
60,Travel_Rarely,988,Research & Development,23,3,Life Sciences,1,1454,2,Male,91,3,2,Sales Executive,2,Married,3058,6684,1,Y,No,11,4,2,80,2,20,6,4,8,9,0,13,No
42,Non-Travel,827,Research & Development,7,5,Marketing,1,1455,4,Male,48,4,3,Sales Representative,2,Single,2878,23426,6,Y,Yes,24,3,4,80,0,7,3,3,4,4,1,5,Yes
20,Travel_Rarely,1400,Research & Development,24,1,Other,1,1456,2,Male,84,3,3,Research Scientist,1,Married,2401,13004,4,Y,No,12,3,3,80,1,19,2,1,0,6,0,0,No
43,Travel_Rarely,177,Sales,23,4,Other,1,1457,3,Male,57,4,2,Sales Executive,4,Divorced,1009,14221,8,Y,No,11,3,4,80,0,2,0,3,15,7,3,7,No
40,Travel_Rarely,540,Human Resources,12,3,Medical,1,1458,4,Male,79,4,3,Manufacturing Director,4,Married,14067,23668,3,Y,Yes,19,3,3,80,0,8,5,2,7,3,3,4,No
48,Travel_Rarely,800,Research & Development,25,3,Technical Degree,1,1459,1,Male,94,4,1,Laboratory Technician,2,Divorced,5511,9978,9,Y,Yes,14,3,1,80,1,10,4,1,3,0,2,7,No
43,Travel_Rarely,1414,Sales,27,3,Life Sciences,1,1460,4,Female,32,1,4,Manager,1,Married,1009,24810,1,Y,No,20,3,1,80,0,12,0,1,6,6,2,6,No
35,Travel_Frequently,1016,Research & Development,9,1,Life Sciences,1,1461,4,Male,81,3,5,Sales Representative,4,Divorced,5925,2756,6,Y,Yes,24,3,3,80,1,8,6,2,5,8,7,1,No
25,Travel_Rarely,992,Sales,6,1,Life Sciences,1,1462,3,Male,39,4,2,Manager,4,Married,7627,10293,6,Y,No,18,3,3,80,0,21,5,3,10,3,8,7,No
34,Travel_Frequently,793,Human Resources,23,1,Human Resources,1,1463,2,Male,50,2,1,Research Scientist,2,Single,2655,24953,0,Y,No,15,3,4,80,0,21,1,4,1,7,4,1,Yes
29,Travel_Rarely,354,Sales,2,1,Medical,1,1464,1,Female,66,3,5,Laboratory Technician,2,Married,4786,21565,4,Y,No,15,3,2,80,1,9,3,2,4,0,0,1,Yes
31,Travel_Rarely,1251,Research & Development,9,5,Medical,1,1465,4,Male,44,2,5,Manufacturing Director,4,Married,12628,23239,2,Y,No,15,3,3,80,1,7,2,2,7,4,3,2,No
42,Travel_Rarely,1302,Sales,28,2,Life Sciences,1,1466,3,Male,38,1,5,Research Scientist,1,Divorced,1011,2762,8,Y,Yes,21,3,1,80,0,6,6,4,0,3,2,0,No
52,Non-Travel,1162,Research & Development,17,5,Technical Degree,1,1467,2,Female,73,1,3,Sales Executive,4,Married,3766,11571,8,Y,No,15,3,4,80,2,19,6,4,5,0,4,5,No
40,Travel_Rarely,511,Research & Development,1,3,Marketing,1,1468,4,Male,68,3,3,Laboratory Technician,4,Married,1009,22098,6,Y,No,13,3,1,80,0,6,3,4,2,5,0,11,No
26,Travel_Rarely,228,Research & Development,19,5,Medical,1,1469,3,Male,34,1,3,Sales Executive,1,Divorced,15069,2254,8,Y,No,16,3,4,80,0,0,3,4,10,1,4,0,No
40,Travel_Rarely,1293,Research & Development,28,4,Life Sciences,1,1470,3,Female,54,1,3,Research Director,2,Divorced,9593,12684,1,Y,No,24,4,2,80,0,1,1,2,8,5,2,9,No
